,Category,Target,Structured_EMD,Unstructured_EMD,Method_Histogram,Reference_Histogram
0,P2Rank-Vina,T1158v2,1.0,0.6666666666666667,"{'UNL:ARG:HBAcceptor': 1, 'UNL:ARG:VdWContact': 2, 'UNL:GLY:VdWContact': 1, 'UNL:HIS:VdWContact': 1, 'UNL:LEU:Hydrophobic': 2, 'UNL:LEU:VdWContact': 2, 'UNL:MET:VdWContact': 1, 'UNL:PHE:Hydrophobic': 2, 'UNL:PHE:VdWContact': 1, 'UNL:TRP:Hydrophobic': 1, 'UNL:TRP:VdWContact': 1}","{'UNL:ARG:HBAcceptor': 2, 'UNL:ARG:VdWContact': 2, 'UNL:ASP:VdWContact': 1, 'UNL:GLN:HBAcceptor': 1, 'UNL:GLN:VdWContact': 1, 'UNL:HIS:VdWContact': 1, 'UNL:LEU:Hydrophobic': 1}"
1,P2Rank-Vina,T1152,524.6999999999999,1521.8947368421054,"{'UNL:ASP:VdWContact': 1, 'UNL:GLN:VdWContact': 1, 'UNL:ILE:Hydrophobic': 1, 'UNL:ILE:VdWContact': 1, 'UNL:LEU:Hydrophobic': 1, 'UNL:LEU:VdWContact': 1, 'UNL:LYS:Hydrophobic': 1, 'UNL:LYS:VdWContact': 3, 'UNL:PRO:VdWContact': 1, 'UNL:TYR:HBDonor': 1, 'UNL:TYR:VdWContact': 1}","{'UNL:ALA:VdWContact': 384, 'UNL:ASN:HBAcceptor': 1152, 'UNL:ASN:VdWContact': 3584, 'UNL:ASP:VdWContact': 1536, 'UNL:GLN:HBAcceptor': 896, 'UNL:GLN:VdWContact': 2560, 'UNL:GLU:HBAcceptor': 128, 'UNL:GLU:VdWContact': 896, 'UNL:GLY:HBAcceptor': 640, 'UNL:GLY:VdWContact': 1920, 'UNL:ILE:HBAcceptor': 512, 'UNL:ILE:VdWContact': 3072, 'UNL:LEU:VdWContact': 1280, 'UNL:LYS:HBAcceptor': 512, 'UNL:LYS:VdWContact': 4224, 'UNL:MET:VdWContact': 1280, 'UNL:PRO:VdWContact': 2432, 'UNL:SER:HBAcceptor': 128, 'UNL:SER:VdWContact': 512, 'UNL:THR:HBAcceptor': 768, 'UNL:THR:VdWContact': 2048, 'UNL:TRP:HBAcceptor': 512, 'UNL:TRP:VdWContact': 768, 'UNL:TYR:VdWContact': 1024, 'UNL:VAL:VdWContact': 1408}"
2,P2Rank-Vina,T1158v1,0.75,0.6666666666666667,"{'UNL:ARG:HBAcceptor': 1, 'UNL:ARG:VdWContact': 1, 'UNL:GLY:VdWContact': 1, 'UNL:LEU:Hydrophobic': 2, 'UNL:LEU:VdWContact': 2, 'UNL:MET:HBDonor': 1, 'UNL:MET:Hydrophobic': 1, 'UNL:MET:VdWContact': 2, 'UNL:PHE:Hydrophobic': 3, 'UNL:PHE:VdWContact': 2, 'UNL:THR:Hydrophobic': 1, 'UNL:THR:VdWContact': 1, 'UNL:TRP:Hydrophobic': 1, 'UNL:TRP:VdWContact': 1}","{'UNL:ARG:HBAcceptor': 2, 'UNL:ARG:VdWContact': 2, 'UNL:ASP:VdWContact': 1, 'UNL:GLN:HBAcceptor': 2, 'UNL:GLN:VdWContact': 2, 'UNL:HIS:HBAcceptor': 1, 'UNL:HIS:VdWContact': 1, 'UNL:LEU:Hydrophobic': 2}"
3,P2Rank-Vina,H1172v1,12.857142857142858,21.000000000000004,"{'UNL:ALA:Hydrophobic': 9, 'UNL:ALA:VdWContact': 18, 'UNL:ARG:HBAcceptor': 36, 'UNL:ARG:HBDonor': 9, 'UNL:ARG:VdWContact': 63, 'UNL:ASN:HBAcceptor': 9, 'UNL:ASN:HBDonor': 9, 'UNL:ASN:VdWContact': 18, 'UNL:ASP:HBAcceptor': 9, 'UNL:ASP:VdWContact': 9, 'UNL:GLN:HBAcceptor': 18, 'UNL:GLN:HBDonor': 9, 'UNL:GLN:VdWContact': 27, 'UNL:GLU:Hydrophobic': 18, 'UNL:GLU:VdWContact': 63, 'UNL:GLY:HBAcceptor': 36, 'UNL:GLY:VdWContact': 45, 'UNL:ILE:HBAcceptor': 9, 'UNL:ILE:HBDonor': 18, 'UNL:ILE:Hydrophobic': 27, 'UNL:ILE:VdWContact': 54, 'UNL:LEU:VdWContact': 18, 'UNL:LYS:HBAcceptor': 9, 'UNL:LYS:VdWContact': 36, 'UNL:PRO:Hydrophobic': 54, 'UNL:PRO:VdWContact': 9, 'UNL:SER:VdWContact': 45, 'UNL:THR:HBAcceptor': 36, 'UNL:THR:Hydrophobic': 9, 'UNL:THR:VdWContact': 54, 'UNL:TYR:HBDonor': 9, 'UNL:TYR:Hydrophobic': 36, 'UNL:TYR:VdWContact': 54, 'UNL:VAL:VdWContact': 18}","{'UNL:ARG:HBAcceptor': 54, 'UNL:ARG:VdWContact': 63, 'UNL:GLY:HBAcceptor': 63, 'UNL:GLY:VdWContact': 90, 'UNL:ILE:VdWContact': 54, 'UNL:LEU:VdWContact': 18, 'UNL:LYS:HBAcceptor': 36, 'UNL:LYS:VdWContact': 36, 'UNL:PRO:Hydrophobic': 18, 'UNL:PRO:VdWContact': 45, 'UNL:THR:HBAcceptor': 72, 'UNL:THR:VdWContact': 144, 'UNL:TYR:HBAcceptor': 9, 'UNL:TYR:VdWContact': 9}"
4,P2Rank-Vina,T1158v4,4.888888888888889,5.666666666666666,"{'UNL:ALA:Hydrophobic': 4, 'UNL:ALA:VdWContact': 4, 'UNL:ARG:HBAcceptor': 4, 'UNL:ARG:Hydrophobic': 4, 'UNL:ARG:VdWContact': 8, 'UNL:ASP:VdWContact': 4, 'UNL:GLN:HBAcceptor': 4, 'UNL:GLN:HBDonor': 4, 'UNL:GLN:VdWContact': 8, 'UNL:GLY:VdWContact': 8, 'UNL:HIS:VdWContact': 8, 'UNL:ILE:VdWContact': 4, 'UNL:LEU:Hydrophobic': 8, 'UNL:LEU:VdWContact': 12, 'UNL:LYS:VdWContact': 4, 'UNL:MET:Hydrophobic': 4, 'UNL:MET:VdWContact': 8, 'UNL:PHE:Hydrophobic': 8, 'UNL:PHE:VdWContact': 4, 'UNL:SER:VdWContact': 8, 'UNL:THR:HBAcceptor': 4, 'UNL:THR:Hydrophobic': 4, 'UNL:THR:VdWContact': 8, 'UNL:TRP:Hydrophobic': 4, 'UNL:TRP:VdWContact': 4, 'UNL:TYR:HBAcceptor': 4, 'UNL:TYR:VdWContact': 12, 'UNL:VAL:VdWContact': 4}","{'UNL:ARG:VdWContact': 4, 'UNL:ASN:HBAcceptor': 4, 'UNL:ASN:VdWContact': 8, 'UNL:ASP:VdWContact': 4, 'UNL:GLN:HBAcceptor': 12, 'UNL:GLN:VdWContact': 24, 'UNL:GLY:HBAcceptor': 24, 'UNL:GLY:VdWContact': 28, 'UNL:HIS:VdWContact': 4, 'UNL:LYS:HBAcceptor': 8, 'UNL:LYS:VdWContact': 8, 'UNL:SER:HBAcceptor': 16, 'UNL:SER:VdWContact': 32}"
5,P2Rank-Vina,T1146,1.0,0.6,"{'UNL:ARG:HBAcceptor': 2, 'UNL:ARG:VdWContact': 2, 'UNL:ASN:VdWContact': 1, 'UNL:ASP:VdWContact': 1, 'UNL:HIS:VdWContact': 1, 'UNL:THR:HBAcceptor': 1, 'UNL:THR:VdWContact': 1}","{'UNL:ARG:HBAcceptor': 1, 'UNL:ARG:VdWContact': 1, 'UNL:ASP:VdWContact': 1, 'UNL:HIS:VdWContact': 1}"
6,P2Rank-Vina,T1186,0.6666666666666667,1.1428571428571428,"{'UNL:ARG:HBAcceptor': 1, 'UNL:ARG:VdWContact': 1, 'UNL:ASN:HBAcceptor': 1, 'UNL:ASN:VdWContact': 1, 'UNL:SER:VdWContact': 1, 'UNL:TYR:Hydrophobic': 1}","{'UNL:ASN:HBAcceptor': 2, 'UNL:ASN:VdWContact': 3, 'UNL:GLY:VdWContact': 2, 'UNL:SER:HBAcceptor': 2, 'UNL:SER:VdWContact': 4, 'UNL:THR:VdWContact': 1, 'UNL:TYR:Hydrophobic': 1, 'UNL:TYR:VdWContact': 1}"
7,P2Rank-Vina,T1187,2.0,1.2857142857142856,"{'UNL:ARG:HBAcceptor': 2, 'UNL:ARG:VdWContact': 8, 'UNL:ASP:HBDonor': 2, 'UNL:ASP:VdWContact': 4, 'UNL:GLN:VdWContact': 2, 'UNL:GLU:VdWContact': 2, 'UNL:GLY:HBDonor': 2, 'UNL:GLY:VdWContact': 4, 'UNL:LYS:HBAcceptor': 2, 'UNL:LYS:VdWContact': 2, 'UNL:SER:HBDonor': 2, 'UNL:SER:VdWContact': 4, 'UNL:THR:VdWContact': 4, 'UNL:TRP:Hydrophobic': 2, 'UNL:TRP:VdWContact': 2, 'UNL:TYR:Hydrophobic': 2, 'UNL:TYR:VdWContact': 4}","{'UNL:ALA:HBAcceptor': 4, 'UNL:ALA:VdWContact': 4, 'UNL:ASP:VdWContact': 4, 'UNL:LYS:VdWContact': 2, 'UNL:THR:VdWContact': 2, 'UNL:TRP:HBAcceptor': 8, 'UNL:TRP:VdWContact': 8, 'UNL:VAL:VdWContact': 2}"
8,P2Rank-Vina,T1127v2,3.333333333333334,7.592592592592592,"{'UNL:ALA:Hydrophobic': 5, 'UNL:ALA:VdWContact': 5, 'UNL:ARG:HBAcceptor': 10, 'UNL:ARG:HBDonor': 10, 'UNL:ARG:VdWContact': 30, 'UNL:ASN:HBAcceptor': 15, 'UNL:ASN:Hydrophobic': 5, 'UNL:ASN:VdWContact': 15, 'UNL:ASP:VdWContact': 5, 'UNL:GLN:HBAcceptor': 5, 'UNL:GLN:VdWContact': 5, 'UNL:GLU:HBDonor': 10, 'UNL:GLU:Hydrophobic': 15, 'UNL:GLU:VdWContact': 35, 'UNL:GLY:HBDonor': 5, 'UNL:GLY:VdWContact': 5, 'UNL:HIS:VdWContact': 5, 'UNL:ILE:HBAcceptor': 10, 'UNL:ILE:Hydrophobic': 15, 'UNL:ILE:VdWContact': 25, 'UNL:LEU:Hydrophobic': 30, 'UNL:LEU:VdWContact': 35, 'UNL:MET:HBAcceptor': 5, 'UNL:MET:Hydrophobic': 10, 'UNL:MET:VdWContact': 10, 'UNL:PHE:Hydrophobic': 35, 'UNL:PHE:VdWContact': 40, 'UNL:PRO:Hydrophobic': 5, 'UNL:PRO:VdWContact': 5, 'UNL:TRP:Hydrophobic': 10, 'UNL:TRP:VdWContact': 15, 'UNL:TYR:HBAcceptor': 10, 'UNL:TYR:Hydrophobic': 15, 'UNL:TYR:VdWContact': 15, 'UNL:VAL:VdWContact': 10}","{'UNL:ALA:VdWContact': 5, 'UNL:ARG:HBAcceptor': 30, 'UNL:ARG:VdWContact': 35, 'UNL:ASN:HBAcceptor': 10, 'UNL:ASN:Hydrophobic': 10, 'UNL:ASN:VdWContact': 25, 'UNL:ASP:VdWContact': 5, 'UNL:GLN:VdWContact': 10, 'UNL:GLU:VdWContact': 20, 'UNL:GLY:HBAcceptor': 20, 'UNL:GLY:VdWContact': 20, 'UNL:ILE:HBAcceptor': 5, 'UNL:ILE:VdWContact': 5, 'UNL:LEU:VdWContact': 10, 'UNL:LYS:HBAcceptor': 10, 'UNL:LYS:VdWContact': 10, 'UNL:MET:HBAcceptor': 10, 'UNL:MET:VdWContact': 15, 'UNL:PHE:VdWContact': 20, 'UNL:TRP:VdWContact': 5, 'UNL:VAL:HBAcceptor': 5, 'UNL:VAL:VdWContact': 5}"
9,P2Rank-Vina,T1124,2.0,2.2666666666666666,"{'UNL:ARG:HBAcceptor': 4, 'UNL:ARG:VdWContact': 4, 'UNL:ASN:HBAcceptor': 8, 'UNL:ASN:HBDonor': 4, 'UNL:ASN:Hydrophobic': 4, 'UNL:ASN:VdWContact': 12, 'UNL:ASP:HBDonor': 4, 'UNL:ASP:VdWContact': 4, 'UNL:GLN:Hydrophobic': 4, 'UNL:GLN:VdWContact': 8, 'UNL:GLU:Hydrophobic': 4, 'UNL:GLU:VdWContact': 4, 'UNL:GLY:VdWContact': 12, 'UNL:HIS:VdWContact': 8, 'UNL:ILE:Hydrophobic': 8, 'UNL:ILE:VdWContact': 8, 'UNL:LEU:Hydrophobic': 8, 'UNL:LEU:VdWContact': 4, 'UNL:MET:Hydrophobic': 4, 'UNL:PHE:Hydrophobic': 8, 'UNL:PHE:VdWContact': 8, 'UNL:PRO:Hydrophobic': 4, 'UNL:PRO:VdWContact': 4, 'UNL:SER:VdWContact': 8, 'UNL:THR:Hydrophobic': 8, 'UNL:THR:VdWContact': 8, 'UNL:TRP:Hydrophobic': 4, 'UNL:TRP:VdWContact': 8, 'UNL:TYR:HBAcceptor': 4, 'UNL:TYR:Hydrophobic': 8, 'UNL:TYR:VdWContact': 8, 'UNL:VAL:HBDonor': 4, 'UNL:VAL:Hydrophobic': 8, 'UNL:VAL:VdWContact': 8}","{'UNL:ALA:VdWContact': 8, 'UNL:ASN:HBAcceptor': 8, 'UNL:ASN:VdWContact': 8, 'UNL:ASP:VdWContact': 16, 'UNL:GLY:VdWContact': 8, 'UNL:HIS:HBAcceptor': 4, 'UNL:HIS:VdWContact': 8, 'UNL:ILE:Hydrophobic': 8, 'UNL:LEU:Hydrophobic': 8, 'UNL:LEU:VdWContact': 8, 'UNL:LYS:VdWContact': 8, 'UNL:PHE:HBAcceptor': 8, 'UNL:PHE:Hydrophobic': 8, 'UNL:PHE:VdWContact': 8, 'UNL:SER:VdWContact': 8, 'UNL:TYR:Hydrophobic': 8, 'UNL:TYR:VdWContact': 20, 'UNL:VAL:Hydrophobic': 8, 'UNL:VAL:VdWContact': 4}"
10,DiffDock-L,T1158v2,0.6666666666666667,0.5,"{'UNL:ARG:Hydrophobic': 1, 'UNL:ARG:VdWContact': 2, 'UNL:HIS:VdWContact': 1, 'UNL:PHE:Hydrophobic': 3, 'UNL:PHE:VdWContact': 2, 'UNL:SER:HBDonor': 1, 'UNL:TRP:Hydrophobic': 1, 'UNL:TRP:VdWContact': 1}","{'UNL:ARG:HBAcceptor': 2, 'UNL:ARG:VdWContact': 2, 'UNL:ASP:VdWContact': 1, 'UNL:GLN:HBAcceptor': 1, 'UNL:GLN:VdWContact': 1, 'UNL:HIS:VdWContact': 1, 'UNL:LEU:Hydrophobic': 1}"
11,DiffDock-L,T1152,476.72727272727263,1521.6315789473683,"{'UNL:ASN:Hydrophobic': 1, 'UNL:ASN:VdWContact': 1, 'UNL:ASP:HBAcceptor': 1, 'UNL:ASP:VdWContact': 1, 'UNL:GLY:HBAcceptor': 1, 'UNL:GLY:HBDonor': 1, 'UNL:GLY:VdWContact': 1, 'UNL:ILE:VdWContact': 1, 'UNL:LEU:VdWContact': 1, 'UNL:LYS:VdWContact': 2, 'UNL:MET:Hydrophobic': 1, 'UNL:PRO:VdWContact': 3, 'UNL:THR:VdWContact': 2, 'UNL:TRP:HBAcceptor': 1, 'UNL:TYR:Hydrophobic': 1, 'UNL:TYR:VdWContact': 1, 'UNL:VAL:VdWContact': 1}","{'UNL:ALA:VdWContact': 384, 'UNL:ASN:HBAcceptor': 1152, 'UNL:ASN:VdWContact': 3584, 'UNL:ASP:VdWContact': 1536, 'UNL:GLN:HBAcceptor': 896, 'UNL:GLN:VdWContact': 2560, 'UNL:GLU:HBAcceptor': 128, 'UNL:GLU:VdWContact': 896, 'UNL:GLY:HBAcceptor': 640, 'UNL:GLY:VdWContact': 1920, 'UNL:ILE:HBAcceptor': 512, 'UNL:ILE:VdWContact': 3072, 'UNL:LEU:VdWContact': 1280, 'UNL:LYS:HBAcceptor': 512, 'UNL:LYS:VdWContact': 4224, 'UNL:MET:VdWContact': 1280, 'UNL:PRO:VdWContact': 2432, 'UNL:SER:HBAcceptor': 128, 'UNL:SER:VdWContact': 512, 'UNL:THR:HBAcceptor': 768, 'UNL:THR:VdWContact': 2048, 'UNL:TRP:HBAcceptor': 512, 'UNL:TRP:VdWContact': 768, 'UNL:TYR:VdWContact': 1024, 'UNL:VAL:VdWContact': 1408}"
12,DiffDock-L,T1158v1,1.3333333333333335,0.6999999999999998,"{'UNL:ARG:HBAcceptor': 1, 'UNL:ARG:VdWContact': 2, 'UNL:HIS:VdWContact': 1, 'UNL:LEU:Hydrophobic': 2, 'UNL:MET:Hydrophobic': 1, 'UNL:PHE:Hydrophobic': 4, 'UNL:PHE:VdWContact': 3, 'UNL:TRP:Hydrophobic': 1, 'UNL:TRP:VdWContact': 1}","{'UNL:ARG:HBAcceptor': 2, 'UNL:ARG:VdWContact': 2, 'UNL:ASP:VdWContact': 1, 'UNL:GLN:HBAcceptor': 2, 'UNL:GLN:VdWContact': 2, 'UNL:HIS:HBAcceptor': 1, 'UNL:HIS:VdWContact': 1, 'UNL:LEU:Hydrophobic': 2}"
13,DiffDock-L,H1172v1,14.142857142857142,18.0,"{'UNL:ALA:VdWContact': 9, 'UNL:ARG:VdWContact': 63, 'UNL:GLY:HBAcceptor': 54, 'UNL:GLY:VdWContact': 54, 'UNL:ILE:HBDonor': 27, 'UNL:ILE:Hydrophobic': 27, 'UNL:ILE:VdWContact': 27, 'UNL:LEU:VdWContact': 27, 'UNL:LYS:HBAcceptor': 27, 'UNL:LYS:VdWContact': 27, 'UNL:PRO:Hydrophobic': 99, 'UNL:PRO:VdWContact': 36, 'UNL:THR:HBAcceptor': 27, 'UNL:THR:VdWContact': 54, 'UNL:TYR:HBDonor': 18, 'UNL:TYR:Hydrophobic': 54, 'UNL:TYR:VdWContact': 54}","{'UNL:ARG:HBAcceptor': 54, 'UNL:ARG:VdWContact': 63, 'UNL:GLY:HBAcceptor': 63, 'UNL:GLY:VdWContact': 90, 'UNL:ILE:VdWContact': 54, 'UNL:LEU:VdWContact': 18, 'UNL:LYS:HBAcceptor': 36, 'UNL:LYS:VdWContact': 36, 'UNL:PRO:Hydrophobic': 18, 'UNL:PRO:VdWContact': 45, 'UNL:THR:HBAcceptor': 72, 'UNL:THR:VdWContact': 144, 'UNL:TYR:HBAcceptor': 9, 'UNL:TYR:VdWContact': 9}"
14,DiffDock-L,T1158v4,6.5,6.461538461538461,"{'UNL:ALA:VdWContact': 4, 'UNL:ASP:VdWContact': 4, 'UNL:GLN:HBAcceptor': 4, 'UNL:GLN:VdWContact': 4, 'UNL:GLY:HBAcceptor': 4, 'UNL:GLY:HBDonor': 4, 'UNL:GLY:VdWContact': 8, 'UNL:HIS:VdWContact': 4, 'UNL:LYS:HBAcceptor': 4, 'UNL:LYS:VdWContact': 4, 'UNL:SER:HBAcceptor': 4, 'UNL:SER:HBDonor': 4, 'UNL:SER:VdWContact': 8, 'UNL:THR:VdWContact': 4, 'UNL:TYR:HBAcceptor': 4, 'UNL:TYR:Hydrophobic': 4, 'UNL:TYR:VdWContact': 4, 'UNL:VAL:VdWContact': 4}","{'UNL:ARG:VdWContact': 4, 'UNL:ASN:HBAcceptor': 4, 'UNL:ASN:VdWContact': 8, 'UNL:ASP:VdWContact': 4, 'UNL:GLN:HBAcceptor': 12, 'UNL:GLN:VdWContact': 24, 'UNL:GLY:HBAcceptor': 24, 'UNL:GLY:VdWContact': 28, 'UNL:HIS:VdWContact': 4, 'UNL:LYS:HBAcceptor': 8, 'UNL:LYS:VdWContact': 8, 'UNL:SER:HBAcceptor': 16, 'UNL:SER:VdWContact': 32}"
15,DiffDock-L,T1146,0.5,0.4285714285714286,"{'UNL:ALA:HBAcceptor': 1, 'UNL:ALA:VdWContact': 1, 'UNL:ASP:VdWContact': 1, 'UNL:SER:HBDonor': 1, 'UNL:SER:VdWContact': 1, 'UNL:THR:Hydrophobic': 2, 'UNL:TYR:HBAcceptor': 1, 'UNL:TYR:VdWContact': 1}","{'UNL:ARG:HBAcceptor': 1, 'UNL:ARG:VdWContact': 1, 'UNL:ASP:VdWContact': 1, 'UNL:HIS:VdWContact': 1}"
16,DiffDock-L,T1186,0.3333333333333333,0.5,"{'UNL:ASN:HBAcceptor': 2, 'UNL:ASN:Hydrophobic': 1, 'UNL:ASN:VdWContact': 3, 'UNL:CYS:VdWContact': 1, 'UNL:GLY:VdWContact': 2, 'UNL:PRO:Hydrophobic': 1, 'UNL:PRO:VdWContact': 1, 'UNL:SER:HBAcceptor': 2, 'UNL:SER:VdWContact': 3, 'UNL:THR:HBDonor': 1, 'UNL:THR:VdWContact': 1, 'UNL:TYR:Hydrophobic': 1, 'UNL:TYR:VdWContact': 1}","{'UNL:ASN:HBAcceptor': 2, 'UNL:ASN:VdWContact': 3, 'UNL:GLY:VdWContact': 2, 'UNL:SER:HBAcceptor': 2, 'UNL:SER:VdWContact': 4, 'UNL:THR:VdWContact': 1, 'UNL:TYR:Hydrophobic': 1, 'UNL:TYR:VdWContact': 1}"
17,DiffDock-L,T1187,2.0,1.2,"{'UNL:ARG:Hydrophobic': 2, 'UNL:ARG:VdWContact': 2, 'UNL:ASP:Hydrophobic': 2, 'UNL:ASP:VdWContact': 4, 'UNL:GLY:VdWContact': 2, 'UNL:ILE:Hydrophobic': 2, 'UNL:ILE:VdWContact': 2, 'UNL:LEU:HBAcceptor': 2, 'UNL:LEU:Hydrophobic': 4, 'UNL:LEU:VdWContact': 2, 'UNL:LYS:VdWContact': 2, 'UNL:PRO:VdWContact': 2, 'UNL:THR:HBAcceptor': 2, 'UNL:THR:VdWContact': 2, 'UNL:TRP:VdWContact': 4}","{'UNL:ALA:HBAcceptor': 4, 'UNL:ALA:VdWContact': 4, 'UNL:ASP:VdWContact': 4, 'UNL:LYS:VdWContact': 2, 'UNL:THR:VdWContact': 2, 'UNL:TRP:HBAcceptor': 8, 'UNL:TRP:VdWContact': 8, 'UNL:VAL:VdWContact': 2}"
18,DiffDock-L,T1127v2,5.0,3.125,"{'UNL:ALA:Hydrophobic': 5, 'UNL:ALA:VdWContact': 5, 'UNL:ARG:HBAcceptor': 10, 'UNL:ARG:Hydrophobic': 5, 'UNL:ARG:VdWContact': 20, 'UNL:GLN:HBAcceptor': 5, 'UNL:GLN:Hydrophobic': 5, 'UNL:GLN:VdWContact': 5, 'UNL:GLU:VdWContact': 15, 'UNL:GLY:HBAcceptor': 10, 'UNL:GLY:HBDonor': 5, 'UNL:GLY:VdWContact': 10, 'UNL:ILE:HBAcceptor': 5, 'UNL:ILE:Hydrophobic': 15, 'UNL:ILE:VdWContact': 15, 'UNL:LEU:Hydrophobic': 10, 'UNL:LEU:VdWContact': 10, 'UNL:LYS:VdWContact': 5, 'UNL:MET:Hydrophobic': 15, 'UNL:MET:VdWContact': 15, 'UNL:PHE:HBDonor': 5, 'UNL:PHE:Hydrophobic': 5, 'UNL:PHE:VdWContact': 20, 'UNL:TRP:Hydrophobic': 10, 'UNL:TRP:VdWContact': 10, 'UNL:TYR:VdWContact': 5}","{'UNL:ALA:VdWContact': 5, 'UNL:ARG:HBAcceptor': 30, 'UNL:ARG:VdWContact': 35, 'UNL:ASN:HBAcceptor': 10, 'UNL:ASN:Hydrophobic': 10, 'UNL:ASN:VdWContact': 25, 'UNL:ASP:VdWContact': 5, 'UNL:GLN:VdWContact': 10, 'UNL:GLU:VdWContact': 20, 'UNL:GLY:HBAcceptor': 20, 'UNL:GLY:VdWContact': 20, 'UNL:ILE:HBAcceptor': 5, 'UNL:ILE:VdWContact': 5, 'UNL:LEU:VdWContact': 10, 'UNL:LYS:HBAcceptor': 10, 'UNL:LYS:VdWContact': 10, 'UNL:MET:HBAcceptor': 10, 'UNL:MET:VdWContact': 15, 'UNL:PHE:VdWContact': 20, 'UNL:TRP:VdWContact': 5, 'UNL:VAL:HBAcceptor': 5, 'UNL:VAL:VdWContact': 5}"
19,DiffDock-L,T1124,2.0000000000000004,2.1666666666666665,"{'UNL:ALA:VdWContact': 4, 'UNL:ASN:HBAcceptor': 4, 'UNL:ASN:Hydrophobic': 4, 'UNL:ASN:VdWContact': 4, 'UNL:ASP:HBDonor': 8, 'UNL:ASP:Hydrophobic': 4, 'UNL:ASP:VdWContact': 8, 'UNL:CYS:VdWContact': 4, 'UNL:GLY:VdWContact': 8, 'UNL:ILE:Hydrophobic': 8, 'UNL:ILE:VdWContact': 12, 'UNL:LEU:Hydrophobic': 8, 'UNL:LEU:VdWContact': 4, 'UNL:PHE:HBAcceptor': 4, 'UNL:PHE:Hydrophobic': 8, 'UNL:PHE:VdWContact': 8, 'UNL:PRO:Hydrophobic': 4, 'UNL:PRO:VdWContact': 4, 'UNL:SER:HBAcceptor': 4, 'UNL:SER:HBDonor': 4, 'UNL:SER:VdWContact': 4, 'UNL:TRP:Hydrophobic': 8, 'UNL:TRP:VdWContact': 12, 'UNL:TYR:Hydrophobic': 8, 'UNL:TYR:VdWContact': 12, 'UNL:VAL:Hydrophobic': 8, 'UNL:VAL:VdWContact': 4}","{'UNL:ALA:VdWContact': 8, 'UNL:ASN:HBAcceptor': 8, 'UNL:ASN:VdWContact': 8, 'UNL:ASP:VdWContact': 16, 'UNL:GLY:VdWContact': 8, 'UNL:HIS:HBAcceptor': 4, 'UNL:HIS:VdWContact': 8, 'UNL:ILE:Hydrophobic': 8, 'UNL:LEU:Hydrophobic': 8, 'UNL:LEU:VdWContact': 8, 'UNL:LYS:VdWContact': 8, 'UNL:PHE:HBAcceptor': 8, 'UNL:PHE:Hydrophobic': 8, 'UNL:PHE:VdWContact': 8, 'UNL:SER:VdWContact': 8, 'UNL:TYR:Hydrophobic': 8, 'UNL:TYR:VdWContact': 20, 'UNL:VAL:Hydrophobic': 8, 'UNL:VAL:VdWContact': 4}"
20,DynamicBind,H1171v2,21.600000000000005,22.0,"{'UNL:ALA:VdWContact': 9, 'UNL:ARG:HBAcceptor': 9, 'UNL:ARG:Hydrophobic': 18, 'UNL:ARG:VdWContact': 45, 'UNL:ASP:Hydrophobic': 9, 'UNL:ASP:VdWContact': 9, 'UNL:GLU:HBAcceptor': 9, 'UNL:GLU:HBDonor': 9, 'UNL:GLU:Hydrophobic': 9, 'UNL:GLU:VdWContact': 27, 'UNL:GLY:HBAcceptor': 36, 'UNL:GLY:HBDonor': 9, 'UNL:GLY:VdWContact': 36, 'UNL:ILE:Hydrophobic': 18, 'UNL:LEU:HBAcceptor': 9, 'UNL:LEU:HBDonor': 9, 'UNL:LEU:VdWContact': 18, 'UNL:LYS:VdWContact': 18, 'UNL:PRO:Hydrophobic': 18, 'UNL:PRO:VdWContact': 18, 'UNL:THR:HBAcceptor': 27, 'UNL:THR:VdWContact': 36, 'UNL:TYR:HBDonor': 9, 'UNL:TYR:Hydrophobic': 18, 'UNL:TYR:VdWContact': 18}","{'UNL:ARG:HBAcceptor': 72, 'UNL:ARG:VdWContact': 81, 'UNL:GLY:HBAcceptor': 72, 'UNL:GLY:VdWContact': 81, 'UNL:ILE:VdWContact': 36, 'UNL:LEU:VdWContact': 27, 'UNL:LYS:HBAcceptor': 45, 'UNL:LYS:VdWContact': 54, 'UNL:PRO:Hydrophobic': 27, 'UNL:PRO:VdWContact': 45, 'UNL:THR:HBAcceptor': 63, 'UNL:THR:Hydrophobic': 9, 'UNL:THR:VdWContact': 162}"
21,DynamicBind,T1158v2,0.6666666666666667,0.4615384615384616,"{'UNL:ASP:Hydrophobic': 1, 'UNL:ASP:VdWContact': 1, 'UNL:GLY:VdWContact': 1, 'UNL:LEU:Hydrophobic': 2, 'UNL:LEU:VdWContact': 1, 'UNL:PHE:Hydrophobic': 2, 'UNL:THR:HBDonor': 1, 'UNL:THR:Hydrophobic': 1, 'UNL:THR:VdWContact': 1, 'UNL:TRP:Hydrophobic': 1, 'UNL:TRP:VdWContact': 1}","{'UNL:ARG:HBAcceptor': 2, 'UNL:ARG:VdWContact': 2, 'UNL:ASP:VdWContact': 1, 'UNL:GLN:HBAcceptor': 1, 'UNL:GLN:VdWContact': 1, 'UNL:HIS:VdWContact': 1, 'UNL:LEU:Hydrophobic': 1}"
22,DynamicBind,H1171v1,34.57142857142857,27.500000000000004,"{'UNL:ALA:VdWContact': 11, 'UNL:ARG:HBAcceptor': 22, 'UNL:ARG:Hydrophobic': 22, 'UNL:ARG:VdWContact': 44, 'UNL:ASP:Hydrophobic': 11, 'UNL:ASP:VdWContact': 11, 'UNL:GLU:HBDonor': 11, 'UNL:GLU:Hydrophobic': 11, 'UNL:GLU:VdWContact': 33, 'UNL:GLY:HBAcceptor': 55, 'UNL:GLY:HBDonor': 11, 'UNL:GLY:VdWContact': 55, 'UNL:ILE:Hydrophobic': 22, 'UNL:LEU:HBDonor': 22, 'UNL:LEU:VdWContact': 22, 'UNL:LYS:VdWContact': 22, 'UNL:PRO:Hydrophobic': 22, 'UNL:PRO:VdWContact': 22, 'UNL:THR:HBAcceptor': 22, 'UNL:THR:VdWContact': 33, 'UNL:TYR:Hydrophobic': 44, 'UNL:TYR:VdWContact': 22}","{'UNL:ARG:HBAcceptor': 110, 'UNL:ARG:VdWContact': 99, 'UNL:ASN:VdWContact': 11, 'UNL:ASP:VdWContact': 22, 'UNL:GLY:HBAcceptor': 99, 'UNL:GLY:VdWContact': 121, 'UNL:ILE:VdWContact': 55, 'UNL:LEU:VdWContact': 11, 'UNL:LYS:HBAcceptor': 44, 'UNL:LYS:VdWContact': 44, 'UNL:PRO:Hydrophobic': 44, 'UNL:PRO:VdWContact': 55, 'UNL:THR:HBAcceptor': 88, 'UNL:THR:VdWContact': 231, 'UNL:TYR:VdWContact': 11}"
23,DynamicBind,H1172v1,18.0,20.399999999999995,"{'UNL:ARG:HBAcceptor': 18, 'UNL:ARG:VdWContact': 36, 'UNL:ASP:VdWContact': 9, 'UNL:GLU:Hydrophobic': 9, 'UNL:GLU:VdWContact': 18, 'UNL:GLY:HBAcceptor': 36, 'UNL:GLY:HBDonor': 9, 'UNL:GLY:VdWContact': 36, 'UNL:ILE:HBDonor': 9, 'UNL:ILE:Hydrophobic': 18, 'UNL:ILE:VdWContact': 9, 'UNL:LEU:HBAcceptor': 9, 'UNL:LEU:HBDonor': 9, 'UNL:LEU:VdWContact': 18, 'UNL:LYS:HBAcceptor': 9, 'UNL:LYS:VdWContact': 18, 'UNL:PRO:Hydrophobic': 36, 'UNL:PRO:VdWContact': 27, 'UNL:THR:HBAcceptor': 18, 'UNL:THR:Hydrophobic': 9, 'UNL:THR:VdWContact': 45, 'UNL:TYR:HBDonor': 9, 'UNL:TYR:Hydrophobic': 27, 'UNL:TYR:VdWContact': 36}","{'UNL:ARG:HBAcceptor': 54, 'UNL:ARG:VdWContact': 63, 'UNL:GLY:HBAcceptor': 63, 'UNL:GLY:VdWContact': 90, 'UNL:ILE:VdWContact': 54, 'UNL:LEU:VdWContact': 18, 'UNL:LYS:HBAcceptor': 36, 'UNL:LYS:VdWContact': 36, 'UNL:PRO:Hydrophobic': 18, 'UNL:PRO:VdWContact': 45, 'UNL:THR:HBAcceptor': 72, 'UNL:THR:VdWContact': 144, 'UNL:TYR:HBAcceptor': 9, 'UNL:TYR:VdWContact': 9}"
24,DynamicBind,T1158v4,5.5,4.571428571428572,"{'UNL:ALA:VdWContact': 4, 'UNL:ARG:VdWContact': 12, 'UNL:GLU:VdWContact': 4, 'UNL:GLY:HBAcceptor': 8, 'UNL:GLY:HBDonor': 4, 'UNL:GLY:VdWContact': 12, 'UNL:HIS:VdWContact': 4, 'UNL:LYS:HBDonor': 4, 'UNL:LYS:VdWContact': 8, 'UNL:PHE:VdWContact': 4, 'UNL:SER:VdWContact': 8, 'UNL:THR:VdWContact': 4, 'UNL:TRP:VdWContact': 4, 'UNL:VAL:HBDonor': 4, 'UNL:VAL:VdWContact': 8}","{'UNL:ARG:VdWContact': 4, 'UNL:ASN:HBAcceptor': 4, 'UNL:ASN:VdWContact': 8, 'UNL:ASP:VdWContact': 4, 'UNL:GLN:HBAcceptor': 12, 'UNL:GLN:VdWContact': 24, 'UNL:GLY:HBAcceptor': 24, 'UNL:GLY:VdWContact': 28, 'UNL:HIS:VdWContact': 4, 'UNL:LYS:HBAcceptor': 8, 'UNL:LYS:VdWContact': 8, 'UNL:SER:HBAcceptor': 16, 'UNL:SER:VdWContact': 32}"
25,DynamicBind,H1172v4,19.800000000000004,13.28571428571429,"{'UNL:ALA:Hydrophobic': 9, 'UNL:ARG:HBAcceptor': 9, 'UNL:ARG:HBDonor': 9, 'UNL:ARG:Hydrophobic': 18, 'UNL:ARG:VdWContact': 54, 'UNL:ASN:Hydrophobic': 9, 'UNL:ASN:VdWContact': 9, 'UNL:ASP:Hydrophobic': 9, 'UNL:ASP:VdWContact': 9, 'UNL:GLU:HBAcceptor': 9, 'UNL:GLU:HBDonor': 9, 'UNL:GLU:Hydrophobic': 9, 'UNL:GLU:VdWContact': 18, 'UNL:GLY:HBAcceptor': 36, 'UNL:GLY:VdWContact': 36, 'UNL:ILE:HBDonor': 9, 'UNL:ILE:Hydrophobic': 18, 'UNL:ILE:VdWContact': 9, 'UNL:LEU:VdWContact': 27, 'UNL:LYS:VdWContact': 27, 'UNL:PRO:Hydrophobic': 36, 'UNL:PRO:VdWContact': 18, 'UNL:SER:VdWContact': 9, 'UNL:THR:HBAcceptor': 54, 'UNL:THR:Hydrophobic': 9, 'UNL:THR:VdWContact': 63, 'UNL:TYR:HBDonor': 9, 'UNL:TYR:Hydrophobic': 36, 'UNL:TYR:VdWContact': 36}","{'UNL:ARG:HBAcceptor': 63, 'UNL:ARG:VdWContact': 63, 'UNL:GLY:HBAcceptor': 99, 'UNL:GLY:VdWContact': 81, 'UNL:ILE:VdWContact': 45, 'UNL:LEU:HBAcceptor': 9, 'UNL:LEU:VdWContact': 27, 'UNL:LYS:HBAcceptor': 45, 'UNL:LYS:VdWContact': 45, 'UNL:PRO:Hydrophobic': 27, 'UNL:PRO:VdWContact': 36, 'UNL:THR:HBAcceptor': 72, 'UNL:THR:VdWContact': 135, 'UNL:TYR:VdWContact': 18}"
26,DynamicBind,H1172v2,25.714285714285715,17.4375,"{'UNL:ARG:HBAcceptor': 18, 'UNL:ARG:Hydrophobic': 18, 'UNL:ARG:VdWContact': 63, 'UNL:ASP:VdWContact': 18, 'UNL:GLU:VdWContact': 18, 'UNL:GLY:HBAcceptor': 18, 'UNL:GLY:VdWContact': 36, 'UNL:ILE:HBDonor': 9, 'UNL:ILE:Hydrophobic': 9, 'UNL:ILE:VdWContact': 18, 'UNL:LEU:HBDonor': 9, 'UNL:LEU:VdWContact': 18, 'UNL:LYS:VdWContact': 18, 'UNL:PHE:VdWContact': 9, 'UNL:PRO:Hydrophobic': 36, 'UNL:PRO:VdWContact': 27, 'UNL:THR:HBAcceptor': 27, 'UNL:THR:Hydrophobic': 18, 'UNL:THR:VdWContact': 54, 'UNL:TYR:HBDonor': 9, 'UNL:TYR:Hydrophobic': 18, 'UNL:TYR:VdWContact': 18}","{'UNL:ARG:HBAcceptor': 63, 'UNL:ARG:VdWContact': 63, 'UNL:GLY:HBAcceptor': 72, 'UNL:GLY:VdWContact': 81, 'UNL:ILE:VdWContact': 45, 'UNL:LEU:VdWContact': 9, 'UNL:LYS:HBAcceptor': 27, 'UNL:LYS:VdWContact': 45, 'UNL:PRO:Hydrophobic': 18, 'UNL:PRO:VdWContact': 27, 'UNL:THR:HBAcceptor': 72, 'UNL:THR:VdWContact': 135, 'UNL:TYR:VdWContact': 18}"
27,DynamicBind,T1186,0.75,0.7,"{'UNL:ARG:HBAcceptor': 1, 'UNL:ASN:Hydrophobic': 2, 'UNL:ASN:VdWContact': 2, 'UNL:ASP:VdWContact': 1, 'UNL:GLY:VdWContact': 2, 'UNL:PRO:Hydrophobic': 1, 'UNL:PRO:VdWContact': 1, 'UNL:SER:HBAcceptor': 3, 'UNL:SER:VdWContact': 3, 'UNL:THR:HBDonor': 1, 'UNL:THR:VdWContact': 1, 'UNL:TYR:Hydrophobic': 1, 'UNL:TYR:VdWContact': 1}","{'UNL:ASN:HBAcceptor': 2, 'UNL:ASN:VdWContact': 3, 'UNL:GLY:VdWContact': 2, 'UNL:SER:HBAcceptor': 2, 'UNL:SER:VdWContact': 4, 'UNL:THR:VdWContact': 1, 'UNL:TYR:Hydrophobic': 1, 'UNL:TYR:VdWContact': 1}"
28,DynamicBind,T1187,2.666666666666667,1.2857142857142856,"{'UNL:ALA:Hydrophobic': 2, 'UNL:ALA:VdWContact': 2, 'UNL:ARG:HBAcceptor': 2, 'UNL:ARG:VdWContact': 4, 'UNL:GLU:Hydrophobic': 2, 'UNL:GLU:VdWContact': 2, 'UNL:GLY:VdWContact': 2, 'UNL:ILE:Hydrophobic': 2, 'UNL:ILE:VdWContact': 2, 'UNL:LYS:VdWContact': 2, 'UNL:TRP:HBAcceptor': 2, 'UNL:TRP:Hydrophobic': 2, 'UNL:TRP:VdWContact': 2}","{'UNL:ALA:HBAcceptor': 4, 'UNL:ALA:VdWContact': 4, 'UNL:ASP:VdWContact': 4, 'UNL:LYS:VdWContact': 2, 'UNL:THR:VdWContact': 2, 'UNL:TRP:HBAcceptor': 8, 'UNL:TRP:VdWContact': 8, 'UNL:VAL:VdWContact': 2}"
29,DynamicBind,T1127v2,5.454545454545454,2.115384615384616,"{'UNL:ARG:HBAcceptor': 5, 'UNL:ARG:HBDonor': 5, 'UNL:ARG:Hydrophobic': 5, 'UNL:ARG:VdWContact': 15, 'UNL:ASP:Hydrophobic': 5, 'UNL:ASP:VdWContact': 5, 'UNL:GLU:HBDonor': 10, 'UNL:GLU:Hydrophobic': 20, 'UNL:GLU:VdWContact': 20, 'UNL:ILE:Hydrophobic': 10, 'UNL:ILE:VdWContact': 15, 'UNL:LEU:Hydrophobic': 15, 'UNL:LEU:VdWContact': 25, 'UNL:MET:Hydrophobic': 5, 'UNL:MET:VdWContact': 5, 'UNL:PHE:Hydrophobic': 5, 'UNL:PHE:VdWContact': 5, 'UNL:SER:VdWContact': 5, 'UNL:TRP:HBAcceptor': 5, 'UNL:TRP:Hydrophobic': 10, 'UNL:TRP:VdWContact': 15, 'UNL:TYR:HBAcceptor': 5, 'UNL:TYR:Hydrophobic': 10, 'UNL:TYR:VdWContact': 10}","{'UNL:ALA:VdWContact': 5, 'UNL:ARG:HBAcceptor': 30, 'UNL:ARG:VdWContact': 35, 'UNL:ASN:HBAcceptor': 10, 'UNL:ASN:Hydrophobic': 10, 'UNL:ASN:VdWContact': 25, 'UNL:ASP:VdWContact': 5, 'UNL:GLN:VdWContact': 10, 'UNL:GLU:VdWContact': 20, 'UNL:GLY:HBAcceptor': 20, 'UNL:GLY:VdWContact': 20, 'UNL:ILE:HBAcceptor': 5, 'UNL:ILE:VdWContact': 5, 'UNL:LEU:VdWContact': 10, 'UNL:LYS:HBAcceptor': 10, 'UNL:LYS:VdWContact': 10, 'UNL:MET:HBAcceptor': 10, 'UNL:MET:VdWContact': 15, 'UNL:PHE:VdWContact': 20, 'UNL:TRP:VdWContact': 5, 'UNL:VAL:HBAcceptor': 5, 'UNL:VAL:VdWContact': 5}"
30,DynamicBind,H1172v3,18.666666666666668,14.588235294117649,"{'UNL:ARG:HBAcceptor': 8, 'UNL:ARG:Hydrophobic': 16, 'UNL:ARG:VdWContact': 40, 'UNL:ASP:VdWContact': 16, 'UNL:GLU:Hydrophobic': 8, 'UNL:GLU:VdWContact': 24, 'UNL:GLY:HBAcceptor': 32, 'UNL:GLY:HBDonor': 8, 'UNL:GLY:VdWContact': 40, 'UNL:ILE:HBDonor': 8, 'UNL:ILE:Hydrophobic': 16, 'UNL:ILE:VdWContact': 8, 'UNL:LEU:HBDonor': 8, 'UNL:LEU:VdWContact': 24, 'UNL:LYS:HBAcceptor': 16, 'UNL:LYS:HBDonor': 8, 'UNL:LYS:Hydrophobic': 8, 'UNL:LYS:VdWContact': 16, 'UNL:PRO:Hydrophobic': 56, 'UNL:PRO:VdWContact': 48, 'UNL:THR:HBAcceptor': 24, 'UNL:THR:Hydrophobic': 24, 'UNL:THR:VdWContact': 40, 'UNL:TYR:HBDonor': 16, 'UNL:TYR:Hydrophobic': 32, 'UNL:TYR:VdWContact': 24}","{'UNL:ARG:HBAcceptor': 56, 'UNL:ARG:VdWContact': 64, 'UNL:GLY:HBAcceptor': 64, 'UNL:GLY:VdWContact': 72, 'UNL:ILE:VdWContact': 32, 'UNL:LEU:VdWContact': 24, 'UNL:LYS:HBAcceptor': 40, 'UNL:LYS:VdWContact': 48, 'UNL:PRO:Hydrophobic': 16, 'UNL:PRO:VdWContact': 24, 'UNL:THR:HBAcceptor': 56, 'UNL:THR:VdWContact': 88}"
31,NeuralPLexer,H1171v2,22.0,21.315789473684212,"{'UNL:ALA:Hydrophobic': 18, 'UNL:ALA:VdWContact': 9, 'UNL:ARG:HBDonor': 18, 'UNL:ARG:Hydrophobic': 36, 'UNL:ARG:VdWContact': 117, 'UNL:ASN:HBAcceptor': 27, 'UNL:ASN:HBDonor': 27, 'UNL:ASN:VdWContact': 36, 'UNL:GLU:HBDonor': 18, 'UNL:GLU:VdWContact': 18, 'UNL:GLY:HBAcceptor': 27, 'UNL:GLY:VdWContact': 90, 'UNL:ILE:Hydrophobic': 45, 'UNL:ILE:VdWContact': 36, 'UNL:LEU:Hydrophobic': 18, 'UNL:LEU:VdWContact': 90, 'UNL:LYS:HBAcceptor': 27, 'UNL:LYS:Hydrophobic': 9, 'UNL:LYS:VdWContact': 45, 'UNL:PRO:Hydrophobic': 63, 'UNL:PRO:VdWContact': 63, 'UNL:THR:HBAcceptor': 9, 'UNL:THR:VdWContact': 81, 'UNL:TYR:HBAcceptor': 9, 'UNL:TYR:Hydrophobic': 27, 'UNL:TYR:VdWContact': 36}","{'UNL:ARG:HBAcceptor': 72, 'UNL:ARG:VdWContact': 81, 'UNL:GLY:HBAcceptor': 72, 'UNL:GLY:VdWContact': 81, 'UNL:ILE:VdWContact': 36, 'UNL:LEU:VdWContact': 27, 'UNL:LYS:HBAcceptor': 45, 'UNL:LYS:VdWContact': 54, 'UNL:PRO:Hydrophobic': 27, 'UNL:PRO:VdWContact': 45, 'UNL:THR:HBAcceptor': 63, 'UNL:THR:Hydrophobic': 9, 'UNL:THR:VdWContact': 162}"
32,NeuralPLexer,T1158v2,1.0,0.6153846153846154,"{'UNL:ALA:Hydrophobic': 1, 'UNL:ALA:VdWContact': 1, 'UNL:ARG:Hydrophobic': 1, 'UNL:ARG:VdWContact': 2, 'UNL:GLN:HBAcceptor': 1, 'UNL:GLN:VdWContact': 2, 'UNL:LEU:Hydrophobic': 1, 'UNL:PHE:Hydrophobic': 2, 'UNL:PHE:VdWContact': 1, 'UNL:SER:VdWContact': 1, 'UNL:TRP:Hydrophobic': 1, 'UNL:TRP:VdWContact': 1}","{'UNL:ARG:HBAcceptor': 2, 'UNL:ARG:VdWContact': 2, 'UNL:ASP:VdWContact': 1, 'UNL:GLN:HBAcceptor': 1, 'UNL:GLN:VdWContact': 1, 'UNL:HIS:VdWContact': 1, 'UNL:LEU:Hydrophobic': 1}"
33,NeuralPLexer,T1152,524.6999999999999,1606.5555555555557,"{'UNL:ASP:VdWContact': 1, 'UNL:GLY:VdWContact': 2, 'UNL:LEU:Hydrophobic': 1, 'UNL:LYS:HBDonor': 1, 'UNL:LYS:VdWContact': 1, 'UNL:PRO:VdWContact': 2, 'UNL:TYR:Hydrophobic': 1, 'UNL:TYR:VdWContact': 2}","{'UNL:ALA:VdWContact': 384, 'UNL:ASN:HBAcceptor': 1152, 'UNL:ASN:VdWContact': 3584, 'UNL:ASP:VdWContact': 1536, 'UNL:GLN:HBAcceptor': 896, 'UNL:GLN:VdWContact': 2560, 'UNL:GLU:HBAcceptor': 128, 'UNL:GLU:VdWContact': 896, 'UNL:GLY:HBAcceptor': 640, 'UNL:GLY:VdWContact': 1920, 'UNL:ILE:HBAcceptor': 512, 'UNL:ILE:VdWContact': 3072, 'UNL:LEU:VdWContact': 1280, 'UNL:LYS:HBAcceptor': 512, 'UNL:LYS:VdWContact': 4224, 'UNL:MET:VdWContact': 1280, 'UNL:PRO:VdWContact': 2432, 'UNL:SER:HBAcceptor': 128, 'UNL:SER:VdWContact': 512, 'UNL:THR:HBAcceptor': 768, 'UNL:THR:VdWContact': 2048, 'UNL:TRP:HBAcceptor': 512, 'UNL:TRP:VdWContact': 768, 'UNL:TYR:VdWContact': 1024, 'UNL:VAL:VdWContact': 1408}"
34,NeuralPLexer,T1158v1,1.3333333333333335,0.6666666666666667,"{'UNL:ALA:Hydrophobic': 1, 'UNL:ALA:VdWContact': 1, 'UNL:ARG:Hydrophobic': 1, 'UNL:ARG:VdWContact': 2, 'UNL:GLN:HBAcceptor': 1, 'UNL:GLN:VdWContact': 1, 'UNL:GLU:VdWContact': 1, 'UNL:HIS:Hydrophobic': 1, 'UNL:HIS:VdWContact': 2, 'UNL:PHE:Hydrophobic': 3, 'UNL:PHE:VdWContact': 2, 'UNL:SER:VdWContact': 1, 'UNL:VAL:Hydrophobic': 1, 'UNL:VAL:VdWContact': 1}","{'UNL:ARG:HBAcceptor': 2, 'UNL:ARG:VdWContact': 2, 'UNL:ASP:VdWContact': 1, 'UNL:GLN:HBAcceptor': 2, 'UNL:GLN:VdWContact': 2, 'UNL:HIS:HBAcceptor': 1, 'UNL:HIS:VdWContact': 1, 'UNL:LEU:Hydrophobic': 2}"
35,NeuralPLexer,H1171v1,25.666666666666664,22.550000000000004,"{'UNL:ALA:Hydrophobic': 11, 'UNL:ARG:HBDonor': 22, 'UNL:ARG:Hydrophobic': 33, 'UNL:ARG:VdWContact': 121, 'UNL:ASN:HBAcceptor': 44, 'UNL:ASN:Hydrophobic': 22, 'UNL:ASN:VdWContact': 55, 'UNL:ASP:VdWContact': 11, 'UNL:GLU:HBDonor': 22, 'UNL:GLU:VdWContact': 22, 'UNL:GLY:VdWContact': 99, 'UNL:ILE:Hydrophobic': 33, 'UNL:ILE:VdWContact': 33, 'UNL:LEU:HBAcceptor': 11, 'UNL:LEU:HBDonor': 11, 'UNL:LEU:Hydrophobic': 11, 'UNL:LEU:VdWContact': 77, 'UNL:LYS:HBAcceptor': 22, 'UNL:LYS:Hydrophobic': 33, 'UNL:LYS:VdWContact': 55, 'UNL:MET:HBAcceptor': 11, 'UNL:MET:VdWContact': 22, 'UNL:PRO:HBDonor': 11, 'UNL:PRO:Hydrophobic': 44, 'UNL:PRO:VdWContact': 44, 'UNL:THR:HBAcceptor': 22, 'UNL:THR:VdWContact': 132, 'UNL:TYR:HBDonor': 11, 'UNL:TYR:Hydrophobic': 44, 'UNL:TYR:VdWContact': 55}","{'UNL:ARG:HBAcceptor': 110, 'UNL:ARG:VdWContact': 99, 'UNL:ASN:VdWContact': 11, 'UNL:ASP:VdWContact': 22, 'UNL:GLY:HBAcceptor': 99, 'UNL:GLY:VdWContact': 121, 'UNL:ILE:VdWContact': 55, 'UNL:LEU:VdWContact': 11, 'UNL:LYS:HBAcceptor': 44, 'UNL:LYS:VdWContact': 44, 'UNL:PRO:Hydrophobic': 44, 'UNL:PRO:VdWContact': 55, 'UNL:THR:HBAcceptor': 88, 'UNL:THR:VdWContact': 231, 'UNL:TYR:VdWContact': 11}"
36,NeuralPLexer,H1172v1,15.0,30.705882352941178,"{'UNL:ALA:Hydrophobic': 9, 'UNL:ALA:VdWContact': 9, 'UNL:ARG:HBDonor': 36, 'UNL:ARG:Hydrophobic': 18, 'UNL:ARG:VdWContact': 99, 'UNL:ASN:HBAcceptor': 18, 'UNL:ASN:HBDonor': 18, 'UNL:ASN:VdWContact': 54, 'UNL:GLU:HBDonor': 18, 'UNL:GLU:VdWContact': 18, 'UNL:GLY:HBAcceptor': 36, 'UNL:GLY:VdWContact': 99, 'UNL:ILE:Hydrophobic': 63, 'UNL:ILE:VdWContact': 54, 'UNL:LEU:HBAcceptor': 9, 'UNL:LEU:VdWContact': 99, 'UNL:LYS:HBAcceptor': 27, 'UNL:LYS:Hydrophobic': 18, 'UNL:LYS:VdWContact': 54, 'UNL:MET:HBAcceptor': 9, 'UNL:PRO:HBDonor': 9, 'UNL:PRO:Hydrophobic': 81, 'UNL:PRO:VdWContact': 81, 'UNL:THR:HBAcceptor': 18, 'UNL:THR:VdWContact': 81, 'UNL:TYR:Hydrophobic': 45, 'UNL:TYR:VdWContact': 27}","{'UNL:ARG:HBAcceptor': 54, 'UNL:ARG:VdWContact': 63, 'UNL:GLY:HBAcceptor': 63, 'UNL:GLY:VdWContact': 90, 'UNL:ILE:VdWContact': 54, 'UNL:LEU:VdWContact': 18, 'UNL:LYS:HBAcceptor': 36, 'UNL:LYS:VdWContact': 36, 'UNL:PRO:Hydrophobic': 18, 'UNL:PRO:VdWContact': 45, 'UNL:THR:HBAcceptor': 72, 'UNL:THR:VdWContact': 144, 'UNL:TYR:HBAcceptor': 9, 'UNL:TYR:VdWContact': 9}"
37,NeuralPLexer,T1158v4,4.571428571428571,3.9999999999999996,"{'UNL:ASP:HBDonor': 4, 'UNL:ASP:Hydrophobic': 4, 'UNL:ASP:VdWContact': 4, 'UNL:GLY:HBAcceptor': 12, 'UNL:GLY:VdWContact': 16, 'UNL:LYS:HBAcceptor': 4, 'UNL:LYS:VdWContact': 8, 'UNL:SER:HBAcceptor': 8, 'UNL:SER:VdWContact': 16, 'UNL:TRP:Hydrophobic': 4, 'UNL:TRP:VdWContact': 4, 'UNL:TYR:HBAcceptor': 4, 'UNL:TYR:Hydrophobic': 4, 'UNL:TYR:VdWContact': 4, 'UNL:VAL:VdWContact': 8}","{'UNL:ARG:VdWContact': 4, 'UNL:ASN:HBAcceptor': 4, 'UNL:ASN:VdWContact': 8, 'UNL:ASP:VdWContact': 4, 'UNL:GLN:HBAcceptor': 12, 'UNL:GLN:VdWContact': 24, 'UNL:GLY:HBAcceptor': 24, 'UNL:GLY:VdWContact': 28, 'UNL:HIS:VdWContact': 4, 'UNL:LYS:HBAcceptor': 8, 'UNL:LYS:VdWContact': 8, 'UNL:SER:HBAcceptor': 16, 'UNL:SER:VdWContact': 32}"
38,NeuralPLexer,H1172v4,19.5,18.473684210526315,"{'UNL:ALA:Hydrophobic': 9, 'UNL:ALA:VdWContact': 9, 'UNL:ARG:HBDonor': 27, 'UNL:ARG:Hydrophobic': 18, 'UNL:ARG:VdWContact': 126, 'UNL:ASN:HBAcceptor': 27, 'UNL:ASN:HBDonor': 9, 'UNL:ASN:VdWContact': 27, 'UNL:ASP:VdWContact': 9, 'UNL:GLU:HBDonor': 27, 'UNL:GLU:VdWContact': 27, 'UNL:GLY:HBAcceptor': 9, 'UNL:GLY:VdWContact': 90, 'UNL:ILE:Hydrophobic': 27, 'UNL:ILE:VdWContact': 9, 'UNL:LEU:HBAcceptor': 9, 'UNL:LEU:HBDonor': 9, 'UNL:LEU:Hydrophobic': 9, 'UNL:LEU:VdWContact': 81, 'UNL:LYS:HBAcceptor': 36, 'UNL:LYS:HBDonor': 9, 'UNL:LYS:Hydrophobic': 18, 'UNL:LYS:VdWContact': 45, 'UNL:PRO:HBDonor': 18, 'UNL:PRO:Hydrophobic': 54, 'UNL:PRO:VdWContact': 90, 'UNL:THR:HBAcceptor': 18, 'UNL:THR:VdWContact': 90, 'UNL:TYR:Hydrophobic': 45, 'UNL:TYR:VdWContact': 27}","{'UNL:ARG:HBAcceptor': 63, 'UNL:ARG:VdWContact': 63, 'UNL:GLY:HBAcceptor': 99, 'UNL:GLY:VdWContact': 81, 'UNL:ILE:VdWContact': 45, 'UNL:LEU:HBAcceptor': 9, 'UNL:LEU:VdWContact': 27, 'UNL:LYS:HBAcceptor': 45, 'UNL:LYS:VdWContact': 45, 'UNL:PRO:Hydrophobic': 27, 'UNL:PRO:VdWContact': 36, 'UNL:THR:HBAcceptor': 72, 'UNL:THR:VdWContact': 135, 'UNL:TYR:VdWContact': 18}"
39,NeuralPLexer,T1146,0.0,0.4444444444444445,"{'UNL:GLN:Hydrophobic': 1, 'UNL:GLN:VdWContact': 1, 'UNL:SER:VdWContact': 1, 'UNL:THR:HBDonor': 1, 'UNL:THR:VdWContact': 2, 'UNL:VAL:Hydrophobic': 1, 'UNL:VAL:VdWContact': 1}","{'UNL:ARG:HBAcceptor': 1, 'UNL:ARG:VdWContact': 1, 'UNL:ASP:VdWContact': 1, 'UNL:HIS:VdWContact': 1}"
40,NeuralPLexer,H1172v2,13.909090909090907,23.57142857142857,"{'UNL:ALA:Hydrophobic': 9, 'UNL:ALA:VdWContact': 9, 'UNL:ARG:HBDonor': 27, 'UNL:ARG:Hydrophobic': 27, 'UNL:ARG:VdWContact': 90, 'UNL:ASN:HBAcceptor': 54, 'UNL:ASN:HBDonor': 27, 'UNL:ASN:VdWContact': 63, 'UNL:ASP:VdWContact': 9, 'UNL:GLU:HBDonor': 27, 'UNL:GLU:VdWContact': 27, 'UNL:GLY:HBAcceptor': 9, 'UNL:GLY:HBDonor': 9, 'UNL:GLY:VdWContact': 99, 'UNL:ILE:Hydrophobic': 45, 'UNL:ILE:VdWContact': 45, 'UNL:LEU:Hydrophobic': 9, 'UNL:LEU:VdWContact': 54, 'UNL:LYS:HBAcceptor': 9, 'UNL:LYS:Hydrophobic': 9, 'UNL:LYS:VdWContact': 54, 'UNL:MET:HBAcceptor': 9, 'UNL:MET:Hydrophobic': 9, 'UNL:MET:VdWContact': 18, 'UNL:PRO:HBDonor': 9, 'UNL:PRO:Hydrophobic': 63, 'UNL:PRO:VdWContact': 81, 'UNL:THR:HBAcceptor': 9, 'UNL:THR:VdWContact': 117, 'UNL:TYR:Hydrophobic': 36, 'UNL:TYR:VdWContact': 27}","{'UNL:ARG:HBAcceptor': 63, 'UNL:ARG:VdWContact': 63, 'UNL:GLY:HBAcceptor': 72, 'UNL:GLY:VdWContact': 81, 'UNL:ILE:VdWContact': 45, 'UNL:LEU:VdWContact': 9, 'UNL:LYS:HBAcceptor': 27, 'UNL:LYS:VdWContact': 45, 'UNL:PRO:Hydrophobic': 18, 'UNL:PRO:VdWContact': 27, 'UNL:THR:HBAcceptor': 72, 'UNL:THR:VdWContact': 135, 'UNL:TYR:VdWContact': 18}"
41,NeuralPLexer,T1186,1.0,0.375,"{'UNL:ASN:HBAcceptor': 1, 'UNL:ASN:Hydrophobic': 1, 'UNL:ASN:VdWContact': 3, 'UNL:GLY:VdWContact': 1, 'UNL:PRO:VdWContact': 1, 'UNL:SER:HBAcceptor': 1, 'UNL:SER:VdWContact': 3, 'UNL:THR:VdWContact': 1, 'UNL:TYR:Hydrophobic': 1}","{'UNL:ASN:HBAcceptor': 2, 'UNL:ASN:VdWContact': 3, 'UNL:GLY:VdWContact': 2, 'UNL:SER:HBAcceptor': 2, 'UNL:SER:VdWContact': 4, 'UNL:THR:VdWContact': 1, 'UNL:TYR:Hydrophobic': 1, 'UNL:TYR:VdWContact': 1}"
42,NeuralPLexer,T1187,2.0,1.4444444444444446,"{'UNL:ARG:Hydrophobic': 2, 'UNL:ARG:VdWContact': 4, 'UNL:ASN:HBAcceptor': 2, 'UNL:ASN:VdWContact': 2, 'UNL:GLU:HBDonor': 2, 'UNL:GLU:Hydrophobic': 2, 'UNL:GLU:VdWContact': 10, 'UNL:LEU:Hydrophobic': 2, 'UNL:LYS:Hydrophobic': 2, 'UNL:LYS:VdWContact': 2, 'UNL:MET:VdWContact': 2, 'UNL:SER:HBDonor': 2, 'UNL:SER:VdWContact': 4, 'UNL:THR:HBDonor': 2, 'UNL:THR:VdWContact': 4, 'UNL:TRP:Hydrophobic': 4, 'UNL:TRP:VdWContact': 4, 'UNL:TYR:Hydrophobic': 2, 'UNL:TYR:VdWContact': 2}","{'UNL:ALA:HBAcceptor': 4, 'UNL:ALA:VdWContact': 4, 'UNL:ASP:VdWContact': 4, 'UNL:LYS:VdWContact': 2, 'UNL:THR:VdWContact': 2, 'UNL:TRP:HBAcceptor': 8, 'UNL:TRP:VdWContact': 8, 'UNL:VAL:VdWContact': 2}"
43,NeuralPLexer,T1127v2,2.727272727272727,3.571428571428572,"{'UNL:ALA:VdWContact': 5, 'UNL:ARG:HBAcceptor': 20, 'UNL:ARG:HBDonor': 5, 'UNL:ARG:Hydrophobic': 10, 'UNL:ARG:VdWContact': 25, 'UNL:ASN:HBDonor': 5, 'UNL:ASN:Hydrophobic': 10, 'UNL:ASN:VdWContact': 15, 'UNL:GLN:VdWContact': 15, 'UNL:GLU:VdWContact': 25, 'UNL:GLY:HBAcceptor': 10, 'UNL:GLY:HBDonor': 5, 'UNL:GLY:VdWContact': 20, 'UNL:ILE:VdWContact': 5, 'UNL:LEU:Hydrophobic': 5, 'UNL:LEU:VdWContact': 5, 'UNL:LYS:HBAcceptor': 10, 'UNL:LYS:HBDonor': 5, 'UNL:LYS:VdWContact': 10, 'UNL:MET:Hydrophobic': 10, 'UNL:MET:VdWContact': 10, 'UNL:PHE:Hydrophobic': 30, 'UNL:PHE:VdWContact': 40, 'UNL:TRP:Hydrophobic': 10, 'UNL:TRP:VdWContact': 10, 'UNL:TYR:VdWContact': 10, 'UNL:VAL:VdWContact': 5}","{'UNL:ALA:VdWContact': 5, 'UNL:ARG:HBAcceptor': 30, 'UNL:ARG:VdWContact': 35, 'UNL:ASN:HBAcceptor': 10, 'UNL:ASN:Hydrophobic': 10, 'UNL:ASN:VdWContact': 25, 'UNL:ASP:VdWContact': 5, 'UNL:GLN:VdWContact': 10, 'UNL:GLU:VdWContact': 20, 'UNL:GLY:HBAcceptor': 20, 'UNL:GLY:VdWContact': 20, 'UNL:ILE:HBAcceptor': 5, 'UNL:ILE:VdWContact': 5, 'UNL:LEU:VdWContact': 10, 'UNL:LYS:HBAcceptor': 10, 'UNL:LYS:VdWContact': 10, 'UNL:MET:HBAcceptor': 10, 'UNL:MET:VdWContact': 15, 'UNL:PHE:VdWContact': 20, 'UNL:TRP:VdWContact': 5, 'UNL:VAL:HBAcceptor': 5, 'UNL:VAL:VdWContact': 5}"
44,NeuralPLexer,T1124,1.6,2.7692307692307696,"{'UNL:ALA:Hydrophobic': 4, 'UNL:ALA:VdWContact': 4, 'UNL:ASN:Hydrophobic': 8, 'UNL:ASN:VdWContact': 8, 'UNL:ASP:HBDonor': 4, 'UNL:ASP:Hydrophobic': 4, 'UNL:ASP:VdWContact': 16, 'UNL:CYS:VdWContact': 8, 'UNL:GLN:VdWContact': 4, 'UNL:GLY:VdWContact': 12, 'UNL:HIS:VdWContact': 4, 'UNL:ILE:Hydrophobic': 8, 'UNL:ILE:VdWContact': 4, 'UNL:LEU:Hydrophobic': 12, 'UNL:PHE:HBAcceptor': 4, 'UNL:PHE:Hydrophobic': 16, 'UNL:PHE:VdWContact': 24, 'UNL:PRO:Hydrophobic': 4, 'UNL:PRO:VdWContact': 4, 'UNL:TRP:Hydrophobic': 8, 'UNL:TRP:VdWContact': 16, 'UNL:TYR:HBAcceptor': 4, 'UNL:TYR:VdWContact': 24, 'UNL:VAL:Hydrophobic': 8}","{'UNL:ALA:VdWContact': 8, 'UNL:ASN:HBAcceptor': 8, 'UNL:ASN:VdWContact': 8, 'UNL:ASP:VdWContact': 16, 'UNL:GLY:VdWContact': 8, 'UNL:HIS:HBAcceptor': 4, 'UNL:HIS:VdWContact': 8, 'UNL:ILE:Hydrophobic': 8, 'UNL:LEU:Hydrophobic': 8, 'UNL:LEU:VdWContact': 8, 'UNL:LYS:VdWContact': 8, 'UNL:PHE:HBAcceptor': 8, 'UNL:PHE:Hydrophobic': 8, 'UNL:PHE:VdWContact': 8, 'UNL:SER:VdWContact': 8, 'UNL:TYR:Hydrophobic': 8, 'UNL:TYR:VdWContact': 20, 'UNL:VAL:Hydrophobic': 8, 'UNL:VAL:VdWContact': 4}"
45,NeuralPLexer,H1172v3,18.909090909090907,25.71428571428572,"{'UNL:ARG:HBAcceptor': 8, 'UNL:ARG:HBDonor': 8, 'UNL:ARG:VdWContact': 88, 'UNL:ASN:HBAcceptor': 16, 'UNL:ASN:HBDonor': 8, 'UNL:ASN:VdWContact': 40, 'UNL:GLU:HBDonor': 16, 'UNL:GLU:VdWContact': 24, 'UNL:GLY:HBAcceptor': 24, 'UNL:GLY:VdWContact': 88, 'UNL:ILE:Hydrophobic': 48, 'UNL:ILE:VdWContact': 32, 'UNL:LEU:HBDonor': 8, 'UNL:LEU:VdWContact': 64, 'UNL:LYS:HBAcceptor': 16, 'UNL:LYS:Hydrophobic': 8, 'UNL:LYS:VdWContact': 32, 'UNL:PRO:HBDonor': 16, 'UNL:PRO:Hydrophobic': 64, 'UNL:PRO:VdWContact': 80, 'UNL:THR:HBAcceptor': 24, 'UNL:THR:HBDonor': 8, 'UNL:THR:VdWContact': 72, 'UNL:TYR:Hydrophobic': 48, 'UNL:TYR:VdWContact': 40}","{'UNL:ARG:HBAcceptor': 56, 'UNL:ARG:VdWContact': 64, 'UNL:GLY:HBAcceptor': 64, 'UNL:GLY:VdWContact': 72, 'UNL:ILE:VdWContact': 32, 'UNL:LEU:VdWContact': 24, 'UNL:LYS:HBAcceptor': 40, 'UNL:LYS:VdWContact': 48, 'UNL:PRO:Hydrophobic': 16, 'UNL:PRO:VdWContact': 24, 'UNL:THR:HBAcceptor': 56, 'UNL:THR:VdWContact': 88}"
46,RFAA,T1158v2,0.49999999999999994,0.6428571428571429,"{'UNL:ARG:HBDonor': 1, 'UNL:ARG:VdWContact': 2, 'UNL:ASN:VdWContact': 1, 'UNL:ASP:VdWContact': 1, 'UNL:GLN:VdWContact': 1, 'UNL:GLY:HBDonor': 1, 'UNL:GLY:VdWContact': 2, 'UNL:LYS:VdWContact': 2, 'UNL:PHE:HBAcceptor': 1, 'UNL:PHE:VdWContact': 1, 'UNL:PRO:VdWContact': 1, 'UNL:TRP:HBAcceptor': 1, 'UNL:TRP:Hydrophobic': 1, 'UNL:TRP:VdWContact': 1, 'UNL:VAL:Hydrophobic': 1, 'UNL:VAL:VdWContact': 1}","{'UNL:ARG:HBAcceptor': 2, 'UNL:ARG:VdWContact': 2, 'UNL:ASP:VdWContact': 1, 'UNL:GLN:HBAcceptor': 1, 'UNL:GLN:VdWContact': 1, 'UNL:HIS:VdWContact': 1, 'UNL:LEU:Hydrophobic': 1}"
47,RFAA,T1152,582.8888888888889,1807.3125,"{'UNL:ASN:VdWContact': 1, 'UNL:ASP:VdWContact': 1, 'UNL:GLY:HBAcceptor': 1, 'UNL:GLY:VdWContact': 1, 'UNL:ILE:HBAcceptor': 1, 'UNL:ILE:VdWContact': 2, 'UNL:LYS:VdWContact': 2, 'UNL:PRO:VdWContact': 1, 'UNL:THR:VdWContact': 1, 'UNL:TRP:VdWContact': 2}","{'UNL:ALA:VdWContact': 384, 'UNL:ASN:HBAcceptor': 1152, 'UNL:ASN:VdWContact': 3584, 'UNL:ASP:VdWContact': 1536, 'UNL:GLN:HBAcceptor': 896, 'UNL:GLN:VdWContact': 2560, 'UNL:GLU:HBAcceptor': 128, 'UNL:GLU:VdWContact': 896, 'UNL:GLY:HBAcceptor': 640, 'UNL:GLY:VdWContact': 1920, 'UNL:ILE:HBAcceptor': 512, 'UNL:ILE:VdWContact': 3072, 'UNL:LEU:VdWContact': 1280, 'UNL:LYS:HBAcceptor': 512, 'UNL:LYS:VdWContact': 4224, 'UNL:MET:VdWContact': 1280, 'UNL:PRO:VdWContact': 2432, 'UNL:SER:HBAcceptor': 128, 'UNL:SER:VdWContact': 512, 'UNL:THR:HBAcceptor': 768, 'UNL:THR:VdWContact': 2048, 'UNL:TRP:HBAcceptor': 512, 'UNL:TRP:VdWContact': 768, 'UNL:TYR:VdWContact': 1024, 'UNL:VAL:VdWContact': 1408}"
48,RFAA,T1146,0.5,0.5999999999999999,"{'UNL:ALA:VdWContact': 1, 'UNL:GLN:VdWContact': 1, 'UNL:GLU:VdWContact': 1, 'UNL:SER:VdWContact': 1, 'UNL:THR:HBDonor': 2, 'UNL:THR:VdWContact': 3, 'UNL:TRP:Hydrophobic': 1, 'UNL:TRP:VdWContact': 1}","{'UNL:ARG:HBAcceptor': 1, 'UNL:ARG:VdWContact': 1, 'UNL:ASP:VdWContact': 1, 'UNL:HIS:VdWContact': 1}"
49,RFAA,T1187,2.5,2.0,"{'UNL:ALA:VdWContact': 2, 'UNL:ASP:VdWContact': 6, 'UNL:ILE:VdWContact': 2, 'UNL:LYS:VdWContact': 2, 'UNL:THR:HBAcceptor': 2, 'UNL:THR:VdWContact': 4, 'UNL:TRP:HBAcceptor': 2, 'UNL:TRP:HBDonor': 2, 'UNL:TRP:Hydrophobic': 6, 'UNL:TRP:VdWContact': 10, 'UNL:TYR:Hydrophobic': 4, 'UNL:TYR:VdWContact': 4, 'UNL:VAL:Hydrophobic': 2, 'UNL:VAL:VdWContact': 2}","{'UNL:ALA:HBAcceptor': 4, 'UNL:ALA:VdWContact': 4, 'UNL:ASP:VdWContact': 4, 'UNL:LYS:VdWContact': 2, 'UNL:THR:VdWContact': 2, 'UNL:TRP:HBAcceptor': 8, 'UNL:TRP:VdWContact': 8, 'UNL:VAL:VdWContact': 2}"
50,RFAA,T1127v2,4.0,3.125,"{'UNL:ALA:HBAcceptor': 5, 'UNL:ALA:HBDonor': 5, 'UNL:ALA:VdWContact': 10, 'UNL:ARG:HBDonor': 5, 'UNL:ARG:VdWContact': 20, 'UNL:ASN:VdWContact': 15, 'UNL:CYS:VdWContact': 5, 'UNL:GLN:VdWContact': 10, 'UNL:GLU:HBDonor': 10, 'UNL:GLU:VdWContact': 30, 'UNL:GLY:VdWContact': 5, 'UNL:HIS:VdWContact': 5, 'UNL:ILE:HBAcceptor': 5, 'UNL:ILE:HBDonor': 5, 'UNL:ILE:Hydrophobic': 5, 'UNL:ILE:VdWContact': 20, 'UNL:LEU:Hydrophobic': 10, 'UNL:LEU:VdWContact': 20, 'UNL:MET:HBAcceptor': 10, 'UNL:MET:VdWContact': 10, 'UNL:PHE:HBDonor': 5, 'UNL:PHE:Hydrophobic': 5, 'UNL:PHE:VdWContact': 25, 'UNL:THR:HBDonor': 5, 'UNL:THR:VdWContact': 5, 'UNL:TRP:Hydrophobic': 10, 'UNL:TRP:VdWContact': 15, 'UNL:TYR:HBDonor': 5, 'UNL:TYR:Hydrophobic': 15, 'UNL:TYR:VdWContact': 15, 'UNL:VAL:VdWContact': 10}","{'UNL:ALA:VdWContact': 5, 'UNL:ARG:HBAcceptor': 30, 'UNL:ARG:VdWContact': 35, 'UNL:ASN:HBAcceptor': 10, 'UNL:ASN:Hydrophobic': 10, 'UNL:ASN:VdWContact': 25, 'UNL:ASP:VdWContact': 5, 'UNL:GLN:VdWContact': 10, 'UNL:GLU:VdWContact': 20, 'UNL:GLY:HBAcceptor': 20, 'UNL:GLY:VdWContact': 20, 'UNL:ILE:HBAcceptor': 5, 'UNL:ILE:VdWContact': 5, 'UNL:LEU:VdWContact': 10, 'UNL:LYS:HBAcceptor': 10, 'UNL:LYS:VdWContact': 10, 'UNL:MET:HBAcceptor': 10, 'UNL:MET:VdWContact': 15, 'UNL:PHE:VdWContact': 20, 'UNL:TRP:VdWContact': 5, 'UNL:VAL:HBAcceptor': 5, 'UNL:VAL:VdWContact': 5}"
51,Chai-1-Single-Seq,T1152,436.83333333333337,1521.2105263157894,"{'UNL:ASN:HBDonor': 1, 'UNL:ASN:VdWContact': 2, 'UNL:GLU:HBDonor': 1, 'UNL:GLU:VdWContact': 1, 'UNL:GLY:VdWContact': 2, 'UNL:ILE:Hydrophobic': 3, 'UNL:ILE:VdWContact': 5, 'UNL:LYS:VdWContact': 1, 'UNL:MET:VdWContact': 1, 'UNL:PRO:VdWContact': 1, 'UNL:SER:HBAcceptor': 1, 'UNL:SER:HBDonor': 1, 'UNL:SER:VdWContact': 1, 'UNL:THR:HBAcceptor': 1, 'UNL:THR:VdWContact': 1, 'UNL:TRP:HBAcceptor': 1, 'UNL:TRP:Hydrophobic': 2, 'UNL:TRP:VdWContact': 3, 'UNL:VAL:Hydrophobic': 1, 'UNL:VAL:VdWContact': 1}","{'UNL:ALA:VdWContact': 384, 'UNL:ASN:HBAcceptor': 1152, 'UNL:ASN:VdWContact': 3584, 'UNL:ASP:VdWContact': 1536, 'UNL:GLN:HBAcceptor': 896, 'UNL:GLN:VdWContact': 2560, 'UNL:GLU:HBAcceptor': 128, 'UNL:GLU:VdWContact': 896, 'UNL:GLY:HBAcceptor': 640, 'UNL:GLY:VdWContact': 1920, 'UNL:ILE:HBAcceptor': 512, 'UNL:ILE:VdWContact': 3072, 'UNL:LEU:VdWContact': 1280, 'UNL:LYS:HBAcceptor': 512, 'UNL:LYS:VdWContact': 4224, 'UNL:MET:VdWContact': 1280, 'UNL:PRO:VdWContact': 2432, 'UNL:SER:HBAcceptor': 128, 'UNL:SER:VdWContact': 512, 'UNL:THR:HBAcceptor': 768, 'UNL:THR:VdWContact': 2048, 'UNL:TRP:HBAcceptor': 512, 'UNL:TRP:VdWContact': 768, 'UNL:TYR:VdWContact': 1024, 'UNL:VAL:VdWContact': 1408}"
52,Chai-1-Single-Seq,T1158v4,2.0,4.266666666666667,"{'UNL:ALA:HBDonor': 4, 'UNL:ALA:VdWContact': 4, 'UNL:ASN:HBDonor': 4, 'UNL:ASN:VdWContact': 4, 'UNL:ASP:HBDonor': 4, 'UNL:ASP:VdWContact': 12, 'UNL:GLN:HBAcceptor': 12, 'UNL:GLN:HBDonor': 4, 'UNL:GLN:VdWContact': 12, 'UNL:GLY:HBAcceptor': 24, 'UNL:GLY:HBDonor': 4, 'UNL:GLY:VdWContact': 24, 'UNL:HIS:HBDonor': 4, 'UNL:HIS:VdWContact': 4, 'UNL:LEU:VdWContact': 4, 'UNL:LYS:HBAcceptor': 8, 'UNL:LYS:VdWContact': 8, 'UNL:PHE:VdWContact': 4, 'UNL:SER:HBAcceptor': 16, 'UNL:SER:HBDonor': 4, 'UNL:SER:VdWContact': 28, 'UNL:THR:VdWContact': 12, 'UNL:TRP:VdWContact': 4, 'UNL:TYR:VdWContact': 4, 'UNL:VAL:VdWContact': 12}","{'UNL:ARG:VdWContact': 4, 'UNL:ASN:HBAcceptor': 4, 'UNL:ASN:VdWContact': 8, 'UNL:ASP:VdWContact': 4, 'UNL:GLN:HBAcceptor': 12, 'UNL:GLN:VdWContact': 24, 'UNL:GLY:HBAcceptor': 24, 'UNL:GLY:VdWContact': 28, 'UNL:HIS:VdWContact': 4, 'UNL:LYS:HBAcceptor': 8, 'UNL:LYS:VdWContact': 8, 'UNL:SER:HBAcceptor': 16, 'UNL:SER:VdWContact': 32}"
53,Chai-1-Single-Seq,T1146,0.3333333333333333,1.076923076923077,"{'UNL:ASN:HBDonor': 1, 'UNL:ASN:Hydrophobic': 1, 'UNL:ASN:VdWContact': 2, 'UNL:ILE:VdWContact': 3, 'UNL:LEU:Hydrophobic': 2, 'UNL:LEU:VdWContact': 3, 'UNL:PHE:VdWContact': 1, 'UNL:THR:Hydrophobic': 1, 'UNL:THR:VdWContact': 1, 'UNL:VAL:HBDonor': 1, 'UNL:VAL:Hydrophobic': 1, 'UNL:VAL:VdWContact': 2}","{'UNL:ARG:HBAcceptor': 1, 'UNL:ARG:VdWContact': 1, 'UNL:ASP:VdWContact': 1, 'UNL:HIS:VdWContact': 1}"
54,Chai-1-Single-Seq,T1186,0.75,0.8571428571428572,"{'UNL:ALA:Hydrophobic': 1, 'UNL:ALA:VdWContact': 1, 'UNL:ARG:HBAcceptor': 1, 'UNL:ARG:Hydrophobic': 1, 'UNL:ARG:VdWContact': 1, 'UNL:ASN:HBDonor': 1, 'UNL:ASN:VdWContact': 1, 'UNL:ASP:VdWContact': 1, 'UNL:CYS:HBAcceptor': 1, 'UNL:CYS:VdWContact': 1, 'UNL:GLN:Hydrophobic': 1, 'UNL:GLN:VdWContact': 1, 'UNL:GLY:VdWContact': 3, 'UNL:LEU:Hydrophobic': 1, 'UNL:PHE:HBAcceptor': 1, 'UNL:PHE:Hydrophobic': 1, 'UNL:PHE:VdWContact': 2, 'UNL:PRO:HBDonor': 1, 'UNL:PRO:Hydrophobic': 2, 'UNL:PRO:VdWContact': 1, 'UNL:THR:HBAcceptor': 1, 'UNL:THR:Hydrophobic': 2, 'UNL:THR:VdWContact': 3, 'UNL:TYR:Hydrophobic': 1, 'UNL:TYR:VdWContact': 2, 'UNL:VAL:Hydrophobic': 1}","{'UNL:ASN:HBAcceptor': 2, 'UNL:ASN:VdWContact': 3, 'UNL:GLY:VdWContact': 2, 'UNL:SER:HBAcceptor': 2, 'UNL:SER:VdWContact': 4, 'UNL:THR:VdWContact': 1, 'UNL:TYR:Hydrophobic': 1, 'UNL:TYR:VdWContact': 1}"
55,Chai-1-Single-Seq,T1187,2.0,1.1764705882352944,"{'UNL:ALA:VdWContact': 2, 'UNL:ARG:VdWContact': 2, 'UNL:ASN:HBAcceptor': 2, 'UNL:ASN:Hydrophobic': 2, 'UNL:ASN:VdWContact': 4, 'UNL:GLU:Hydrophobic': 2, 'UNL:GLU:VdWContact': 2, 'UNL:ILE:Hydrophobic': 2, 'UNL:PHE:HBAcceptor': 2, 'UNL:PHE:Hydrophobic': 2, 'UNL:PHE:VdWContact': 4, 'UNL:SER:HBAcceptor': 2, 'UNL:SER:VdWContact': 2, 'UNL:THR:HBDonor': 2, 'UNL:THR:VdWContact': 2, 'UNL:TYR:Hydrophobic': 2, 'UNL:TYR:VdWContact': 2}","{'UNL:ALA:HBAcceptor': 4, 'UNL:ALA:VdWContact': 4, 'UNL:ASP:VdWContact': 4, 'UNL:LYS:VdWContact': 2, 'UNL:THR:VdWContact': 2, 'UNL:TRP:HBAcceptor': 8, 'UNL:TRP:VdWContact': 8, 'UNL:VAL:VdWContact': 2}"
56,Chai-1-Single-Seq,T1127v2,4.6875,6.379310344827586,"{'UNL:ALA:HBAcceptor': 5, 'UNL:ALA:Hydrophobic': 10, 'UNL:ALA:VdWContact': 20, 'UNL:ARG:HBAcceptor': 5, 'UNL:ARG:VdWContact': 10, 'UNL:ASN:HBAcceptor': 5, 'UNL:ASN:Hydrophobic': 5, 'UNL:ASN:VdWContact': 5, 'UNL:ASP:VdWContact': 5, 'UNL:GLN:HBAcceptor': 5, 'UNL:GLN:HBDonor': 5, 'UNL:GLN:Hydrophobic': 5, 'UNL:GLN:VdWContact': 15, 'UNL:GLU:VdWContact': 5, 'UNL:GLY:HBAcceptor': 5, 'UNL:GLY:VdWContact': 10, 'UNL:ILE:HBDonor': 5, 'UNL:ILE:Hydrophobic': 5, 'UNL:ILE:VdWContact': 15, 'UNL:LEU:HBAcceptor': 5, 'UNL:LEU:HBDonor': 5, 'UNL:LEU:Hydrophobic': 25, 'UNL:LEU:VdWContact': 40, 'UNL:LYS:HBDonor': 5, 'UNL:LYS:VdWContact': 5, 'UNL:MET:Hydrophobic': 5, 'UNL:PHE:HBAcceptor': 5, 'UNL:PHE:Hydrophobic': 35, 'UNL:PHE:VdWContact': 50, 'UNL:PRO:Hydrophobic': 5, 'UNL:PRO:VdWContact': 15, 'UNL:SER:VdWContact': 15, 'UNL:THR:HBDonor': 10, 'UNL:THR:Hydrophobic': 5, 'UNL:THR:VdWContact': 15, 'UNL:TYR:Hydrophobic': 5, 'UNL:TYR:VdWContact': 10, 'UNL:VAL:Hydrophobic': 20, 'UNL:VAL:VdWContact': 25}","{'UNL:ALA:VdWContact': 5, 'UNL:ARG:HBAcceptor': 30, 'UNL:ARG:VdWContact': 35, 'UNL:ASN:HBAcceptor': 10, 'UNL:ASN:Hydrophobic': 10, 'UNL:ASN:VdWContact': 25, 'UNL:ASP:VdWContact': 5, 'UNL:GLN:VdWContact': 10, 'UNL:GLU:VdWContact': 20, 'UNL:GLY:HBAcceptor': 20, 'UNL:GLY:VdWContact': 20, 'UNL:ILE:HBAcceptor': 5, 'UNL:ILE:VdWContact': 5, 'UNL:LEU:VdWContact': 10, 'UNL:LYS:HBAcceptor': 10, 'UNL:LYS:VdWContact': 10, 'UNL:MET:HBAcceptor': 10, 'UNL:MET:VdWContact': 15, 'UNL:PHE:VdWContact': 20, 'UNL:TRP:VdWContact': 5, 'UNL:VAL:HBAcceptor': 5, 'UNL:VAL:VdWContact': 5}"
57,Chai-1-Single-Seq,T1124,0.666666666666667,3.8260869565217397,"{'UNL:ARG:VdWContact': 4, 'UNL:ASP:VdWContact': 4, 'UNL:GLN:VdWContact': 4, 'UNL:HIS:VdWContact': 4, 'UNL:ILE:HBAcceptor': 4, 'UNL:ILE:VdWContact': 4, 'UNL:LEU:VdWContact': 4, 'UNL:PRO:Hydrophobic': 4, 'UNL:PRO:VdWContact': 4, 'UNL:SER:VdWContact': 4, 'UNL:THR:HBDonor': 8, 'UNL:THR:Hydrophobic': 4, 'UNL:THR:VdWContact': 12, 'UNL:TYR:HBDonor': 4, 'UNL:TYR:VdWContact': 4}","{'UNL:ALA:VdWContact': 8, 'UNL:ASN:HBAcceptor': 8, 'UNL:ASN:VdWContact': 8, 'UNL:ASP:VdWContact': 16, 'UNL:GLY:VdWContact': 8, 'UNL:HIS:HBAcceptor': 4, 'UNL:HIS:VdWContact': 8, 'UNL:ILE:Hydrophobic': 8, 'UNL:LEU:Hydrophobic': 8, 'UNL:LEU:VdWContact': 8, 'UNL:LYS:VdWContact': 8, 'UNL:PHE:HBAcceptor': 8, 'UNL:PHE:Hydrophobic': 8, 'UNL:PHE:VdWContact': 8, 'UNL:SER:VdWContact': 8, 'UNL:TYR:Hydrophobic': 8, 'UNL:TYR:VdWContact': 20, 'UNL:VAL:Hydrophobic': 8, 'UNL:VAL:VdWContact': 4}"
58,Chai-1-Single-Seq,T1158v3,0.5,0.909090909090909,"{'UNL:ARG:HBAcceptor': 2, 'UNL:ARG:VdWContact': 2, 'UNL:GLN:HBAcceptor': 1, 'UNL:GLN:VdWContact': 1, 'UNL:GLU:VdWContact': 1, 'UNL:ILE:Hydrophobic': 1, 'UNL:LEU:Hydrophobic': 3, 'UNL:LEU:VdWContact': 2, 'UNL:PHE:Hydrophobic': 3, 'UNL:PHE:VdWContact': 1, 'UNL:TRP:Hydrophobic': 1, 'UNL:TRP:VdWContact': 1}","{'UNL:GLN:HBAcceptor': 2, 'UNL:GLN:VdWContact': 2, 'UNL:LEU:Hydrophobic': 1, 'UNL:PHE:VdWContact': 1, 'UNL:THR:VdWContact': 1, 'UNL:TRP:Hydrophobic': 1}"
59,Chai-1,T1152,476.9090909090909,1445.65,"{'UNL:ALA:VdWContact': 1, 'UNL:ASP:Hydrophobic': 1, 'UNL:ASP:VdWContact': 1, 'UNL:ILE:HBDonor': 1, 'UNL:ILE:Hydrophobic': 1, 'UNL:ILE:VdWContact': 4, 'UNL:LYS:Hydrophobic': 1, 'UNL:LYS:VdWContact': 2, 'UNL:MET:VdWContact': 1, 'UNL:TYR:HBDonor': 1, 'UNL:TYR:Hydrophobic': 1, 'UNL:TYR:VdWContact': 2}","{'UNL:ALA:VdWContact': 384, 'UNL:ASN:HBAcceptor': 1152, 'UNL:ASN:VdWContact': 3584, 'UNL:ASP:VdWContact': 1536, 'UNL:GLN:HBAcceptor': 896, 'UNL:GLN:VdWContact': 2560, 'UNL:GLU:HBAcceptor': 128, 'UNL:GLU:VdWContact': 896, 'UNL:GLY:HBAcceptor': 640, 'UNL:GLY:VdWContact': 1920, 'UNL:ILE:HBAcceptor': 512, 'UNL:ILE:VdWContact': 3072, 'UNL:LEU:VdWContact': 1280, 'UNL:LYS:HBAcceptor': 512, 'UNL:LYS:VdWContact': 4224, 'UNL:MET:VdWContact': 1280, 'UNL:PRO:VdWContact': 2432, 'UNL:SER:HBAcceptor': 128, 'UNL:SER:VdWContact': 512, 'UNL:THR:HBAcceptor': 768, 'UNL:THR:VdWContact': 2048, 'UNL:TRP:HBAcceptor': 512, 'UNL:TRP:VdWContact': 768, 'UNL:TYR:VdWContact': 1024, 'UNL:VAL:VdWContact': 1408}"
60,Chai-1,T1158v1,0.25,0.5454545454545454,"{'UNL:ARG:HBAcceptor': 2, 'UNL:ARG:HBDonor': 1, 'UNL:ARG:VdWContact': 2, 'UNL:ASP:VdWContact': 1, 'UNL:HIS:HBAcceptor': 1, 'UNL:HIS:VdWContact': 1, 'UNL:ILE:Hydrophobic': 1, 'UNL:LEU:Hydrophobic': 1, 'UNL:LEU:VdWContact': 1, 'UNL:LYS:VdWContact': 1, 'UNL:PHE:Hydrophobic': 3, 'UNL:PHE:VdWContact': 2, 'UNL:TRP:Hydrophobic': 1}","{'UNL:ARG:HBAcceptor': 2, 'UNL:ARG:VdWContact': 2, 'UNL:ASP:VdWContact': 1, 'UNL:GLN:HBAcceptor': 2, 'UNL:GLN:VdWContact': 2, 'UNL:HIS:HBAcceptor': 1, 'UNL:HIS:VdWContact': 1, 'UNL:LEU:Hydrophobic': 2}"
61,Chai-1,T1158v4,2.1818181818181817,1.846153846153846,"{'UNL:ASN:HBDonor': 4, 'UNL:ASN:VdWContact': 4, 'UNL:GLN:HBAcceptor': 8, 'UNL:GLN:VdWContact': 16, 'UNL:GLY:HBAcceptor': 24, 'UNL:GLY:HBDonor': 12, 'UNL:GLY:VdWContact': 32, 'UNL:HIS:HBAcceptor': 4, 'UNL:HIS:VdWContact': 4, 'UNL:LYS:HBAcceptor': 8, 'UNL:LYS:HBDonor': 4, 'UNL:LYS:VdWContact': 8, 'UNL:PHE:VdWContact': 4, 'UNL:SER:HBAcceptor': 16, 'UNL:SER:HBDonor': 4, 'UNL:SER:VdWContact': 28, 'UNL:THR:VdWContact': 8, 'UNL:TRP:VdWContact': 4, 'UNL:TYR:VdWContact': 4, 'UNL:VAL:HBDonor': 4, 'UNL:VAL:VdWContact': 8}","{'UNL:ARG:VdWContact': 4, 'UNL:ASN:HBAcceptor': 4, 'UNL:ASN:VdWContact': 8, 'UNL:ASP:VdWContact': 4, 'UNL:GLN:HBAcceptor': 12, 'UNL:GLN:VdWContact': 24, 'UNL:GLY:HBAcceptor': 24, 'UNL:GLY:VdWContact': 28, 'UNL:HIS:VdWContact': 4, 'UNL:LYS:HBAcceptor': 8, 'UNL:LYS:VdWContact': 8, 'UNL:SER:HBAcceptor': 16, 'UNL:SER:VdWContact': 32}"
62,Chai-1,T1146,0.5,0.75,"{'UNL:ALA:VdWContact': 2, 'UNL:HIS:VdWContact': 1, 'UNL:SER:HBAcceptor': 1, 'UNL:SER:VdWContact': 2, 'UNL:TRP:Hydrophobic': 1, 'UNL:TRP:VdWContact': 1, 'UNL:TYR:HBAcceptor': 1, 'UNL:TYR:HBDonor': 1, 'UNL:TYR:VdWContact': 2}","{'UNL:ARG:HBAcceptor': 1, 'UNL:ARG:VdWContact': 1, 'UNL:ASP:VdWContact': 1, 'UNL:HIS:VdWContact': 1}"
63,Chai-1,T1186,0.6666666666666667,0.8095238095238094,"{'UNL:ALA:Hydrophobic': 1, 'UNL:ALA:VdWContact': 1, 'UNL:ARG:Hydrophobic': 1, 'UNL:ARG:VdWContact': 1, 'UNL:ASN:HBAcceptor': 1, 'UNL:ASN:Hydrophobic': 2, 'UNL:ASN:VdWContact': 4, 'UNL:CYS:VdWContact': 1, 'UNL:ILE:Hydrophobic': 1, 'UNL:ILE:VdWContact': 1, 'UNL:LEU:Hydrophobic': 2, 'UNL:LEU:VdWContact': 2, 'UNL:MET:VdWContact': 1, 'UNL:PRO:HBDonor': 1, 'UNL:PRO:Hydrophobic': 1, 'UNL:PRO:VdWContact': 1, 'UNL:SER:VdWContact': 2, 'UNL:THR:Hydrophobic': 1, 'UNL:THR:VdWContact': 2, 'UNL:TYR:Hydrophobic': 1, 'UNL:VAL:VdWContact': 1}","{'UNL:ASN:HBAcceptor': 2, 'UNL:ASN:VdWContact': 3, 'UNL:GLY:VdWContact': 2, 'UNL:SER:HBAcceptor': 2, 'UNL:SER:VdWContact': 4, 'UNL:THR:VdWContact': 1, 'UNL:TYR:Hydrophobic': 1, 'UNL:TYR:VdWContact': 1}"
64,Chai-1,T1187,2.0,1.25,"{'UNL:ARG:VdWContact': 2, 'UNL:ASN:HBAcceptor': 2, 'UNL:ASN:Hydrophobic': 2, 'UNL:ASN:VdWContact': 4, 'UNL:GLU:Hydrophobic': 2, 'UNL:GLU:VdWContact': 2, 'UNL:GLY:VdWContact': 2, 'UNL:LEU:VdWContact': 2, 'UNL:LYS:HBAcceptor': 2, 'UNL:LYS:Hydrophobic': 4, 'UNL:LYS:VdWContact': 10, 'UNL:PHE:Hydrophobic': 4, 'UNL:PHE:VdWContact': 6, 'UNL:THR:VdWContact': 2}","{'UNL:ALA:HBAcceptor': 4, 'UNL:ALA:VdWContact': 4, 'UNL:ASP:VdWContact': 4, 'UNL:LYS:VdWContact': 2, 'UNL:THR:VdWContact': 2, 'UNL:TRP:HBAcceptor': 8, 'UNL:TRP:VdWContact': 8, 'UNL:VAL:VdWContact': 2}"
65,Chai-1,T1127v2,4.23076923076923,2.678571428571429,"{'UNL:ALA:HBDonor': 5, 'UNL:ALA:Hydrophobic': 5, 'UNL:ALA:VdWContact': 5, 'UNL:ARG:HBDonor': 10, 'UNL:ARG:Hydrophobic': 10, 'UNL:ARG:VdWContact': 20, 'UNL:CYS:Hydrophobic': 5, 'UNL:CYS:VdWContact': 5, 'UNL:GLN:Hydrophobic': 5, 'UNL:GLN:VdWContact': 10, 'UNL:GLU:HBDonor': 5, 'UNL:GLU:VdWContact': 10, 'UNL:GLY:VdWContact': 10, 'UNL:HIS:HBAcceptor': 5, 'UNL:HIS:HBDonor': 5, 'UNL:HIS:Hydrophobic': 5, 'UNL:HIS:VdWContact': 5, 'UNL:ILE:VdWContact': 10, 'UNL:LEU:Hydrophobic': 15, 'UNL:LEU:VdWContact': 20, 'UNL:LYS:Hydrophobic': 5, 'UNL:LYS:VdWContact': 5, 'UNL:PHE:HBAcceptor': 5, 'UNL:PHE:Hydrophobic': 15, 'UNL:PHE:VdWContact': 25, 'UNL:THR:VdWContact': 15, 'UNL:TRP:Hydrophobic': 5, 'UNL:TRP:VdWContact': 10, 'UNL:VAL:Hydrophobic': 20, 'UNL:VAL:VdWContact': 35}","{'UNL:ALA:VdWContact': 5, 'UNL:ARG:HBAcceptor': 30, 'UNL:ARG:VdWContact': 35, 'UNL:ASN:HBAcceptor': 10, 'UNL:ASN:Hydrophobic': 10, 'UNL:ASN:VdWContact': 25, 'UNL:ASP:VdWContact': 5, 'UNL:GLN:VdWContact': 10, 'UNL:GLU:VdWContact': 20, 'UNL:GLY:HBAcceptor': 20, 'UNL:GLY:VdWContact': 20, 'UNL:ILE:HBAcceptor': 5, 'UNL:ILE:VdWContact': 5, 'UNL:LEU:VdWContact': 10, 'UNL:LYS:HBAcceptor': 10, 'UNL:LYS:VdWContact': 10, 'UNL:MET:HBAcceptor': 10, 'UNL:MET:VdWContact': 15, 'UNL:PHE:VdWContact': 20, 'UNL:TRP:VdWContact': 5, 'UNL:VAL:HBAcceptor': 5, 'UNL:VAL:VdWContact': 5}"
66,Boltz-1-Single-Seq,T1158v2,0.25,0.9166666666666667,"{'UNL:ARG:HBAcceptor': 2, 'UNL:ARG:HBDonor': 1, 'UNL:ARG:VdWContact': 2, 'UNL:ASP:HBDonor': 1, 'UNL:ASP:VdWContact': 1, 'UNL:LEU:Hydrophobic': 4, 'UNL:LEU:VdWContact': 2, 'UNL:MET:Hydrophobic': 1, 'UNL:MET:VdWContact': 1, 'UNL:PHE:Hydrophobic': 3, 'UNL:PHE:VdWContact': 1, 'UNL:TRP:Hydrophobic': 1, 'UNL:TRP:VdWContact': 1}","{'UNL:ARG:HBAcceptor': 2, 'UNL:ARG:VdWContact': 2, 'UNL:ASP:VdWContact': 1, 'UNL:GLN:HBAcceptor': 1, 'UNL:GLN:VdWContact': 1, 'UNL:HIS:VdWContact': 1, 'UNL:LEU:Hydrophobic': 1}"
67,Boltz-1-Single-Seq,T1152,476.9090909090909,1522.0526315789473,"{'UNL:ASN:HBDonor': 1, 'UNL:ASN:VdWContact': 1, 'UNL:GLN:HBDonor': 1, 'UNL:GLN:VdWContact': 1, 'UNL:LYS:VdWContact': 1, 'UNL:PRO:Hydrophobic': 1, 'UNL:PRO:VdWContact': 1, 'UNL:TYR:Hydrophobic': 1, 'UNL:TYR:VdWContact': 1, 'UNL:VAL:Hydrophobic': 1, 'UNL:VAL:VdWContact': 1}","{'UNL:ALA:VdWContact': 384, 'UNL:ASN:HBAcceptor': 1152, 'UNL:ASN:VdWContact': 3584, 'UNL:ASP:VdWContact': 1536, 'UNL:GLN:HBAcceptor': 896, 'UNL:GLN:VdWContact': 2560, 'UNL:GLU:HBAcceptor': 128, 'UNL:GLU:VdWContact': 896, 'UNL:GLY:HBAcceptor': 640, 'UNL:GLY:VdWContact': 1920, 'UNL:ILE:HBAcceptor': 512, 'UNL:ILE:VdWContact': 3072, 'UNL:LEU:VdWContact': 1280, 'UNL:LYS:HBAcceptor': 512, 'UNL:LYS:VdWContact': 4224, 'UNL:MET:VdWContact': 1280, 'UNL:PRO:VdWContact': 2432, 'UNL:SER:HBAcceptor': 128, 'UNL:SER:VdWContact': 512, 'UNL:THR:HBAcceptor': 768, 'UNL:THR:VdWContact': 2048, 'UNL:TRP:HBAcceptor': 512, 'UNL:TRP:VdWContact': 768, 'UNL:TYR:VdWContact': 1024, 'UNL:VAL:VdWContact': 1408}"
68,Boltz-1-Single-Seq,T1158v1,0.4,1.0,"{'UNL:ARG:HBAcceptor': 1, 'UNL:ARG:HBDonor': 1, 'UNL:ARG:VdWContact': 2, 'UNL:ASP:HBDonor': 1, 'UNL:ASP:Hydrophobic': 1, 'UNL:ASP:VdWContact': 1, 'UNL:GLN:VdWContact': 1, 'UNL:GLY:VdWContact': 1, 'UNL:ILE:Hydrophobic': 1, 'UNL:LEU:Hydrophobic': 4, 'UNL:LEU:VdWContact': 2, 'UNL:PHE:Hydrophobic': 4, 'UNL:PHE:VdWContact': 2, 'UNL:TRP:Hydrophobic': 1, 'UNL:TRP:VdWContact': 1}","{'UNL:ARG:HBAcceptor': 2, 'UNL:ARG:VdWContact': 2, 'UNL:ASP:VdWContact': 1, 'UNL:GLN:HBAcceptor': 2, 'UNL:GLN:VdWContact': 2, 'UNL:HIS:HBAcceptor': 1, 'UNL:HIS:VdWContact': 1, 'UNL:LEU:Hydrophobic': 2}"
69,Boltz-1-Single-Seq,T1158v4,4.0,2.6666666666666674,"{'UNL:ARG:HBAcceptor': 4, 'UNL:ARG:VdWContact': 4, 'UNL:ASN:HBDonor': 4, 'UNL:ASN:VdWContact': 4, 'UNL:ASP:HBDonor': 4, 'UNL:ASP:VdWContact': 4, 'UNL:GLN:HBAcceptor': 12, 'UNL:GLN:VdWContact': 8, 'UNL:GLY:HBAcceptor': 28, 'UNL:GLY:HBDonor': 12, 'UNL:GLY:VdWContact': 28, 'UNL:LYS:HBAcceptor': 8, 'UNL:LYS:HBDonor': 8, 'UNL:LYS:VdWContact': 8, 'UNL:SER:HBAcceptor': 16, 'UNL:SER:HBDonor': 12, 'UNL:SER:VdWContact': 28, 'UNL:THR:HBAcceptor': 4, 'UNL:THR:HBDonor': 4, 'UNL:THR:VdWContact': 12, 'UNL:TRP:VdWContact': 4, 'UNL:TYR:VdWContact': 4, 'UNL:VAL:HBDonor': 4, 'UNL:VAL:VdWContact': 8}","{'UNL:ARG:VdWContact': 4, 'UNL:ASN:HBAcceptor': 4, 'UNL:ASN:VdWContact': 8, 'UNL:ASP:VdWContact': 4, 'UNL:GLN:HBAcceptor': 12, 'UNL:GLN:VdWContact': 24, 'UNL:GLY:HBAcceptor': 24, 'UNL:GLY:VdWContact': 28, 'UNL:HIS:VdWContact': 4, 'UNL:LYS:HBAcceptor': 8, 'UNL:LYS:VdWContact': 8, 'UNL:SER:HBAcceptor': 16, 'UNL:SER:VdWContact': 32}"
70,Boltz-1-Single-Seq,T1146,0.0,0.7142857142857142,"{'UNL:GLN:VdWContact': 1, 'UNL:HIS:Hydrophobic': 1, 'UNL:HIS:VdWContact': 1, 'UNL:LEU:Hydrophobic': 1, 'UNL:LEU:VdWContact': 1, 'UNL:PHE:Hydrophobic': 1, 'UNL:PHE:VdWContact': 1, 'UNL:SER:VdWContact': 1, 'UNL:THR:HBAcceptor': 1, 'UNL:THR:VdWContact': 2, 'UNL:TRP:Hydrophobic': 1, 'UNL:TRP:VdWContact': 1, 'UNL:VAL:VdWContact': 1}","{'UNL:ARG:HBAcceptor': 1, 'UNL:ARG:VdWContact': 1, 'UNL:ASP:VdWContact': 1, 'UNL:HIS:VdWContact': 1}"
71,Boltz-1-Single-Seq,T1186,1.0,0.4545454545454546,"{'UNL:ASN:HBAcceptor': 1, 'UNL:ASN:Hydrophobic': 2, 'UNL:ASN:VdWContact': 3, 'UNL:ASP:VdWContact': 1, 'UNL:CYS:VdWContact': 1, 'UNL:GLY:VdWContact': 1, 'UNL:PRO:Hydrophobic': 1, 'UNL:PRO:VdWContact': 1, 'UNL:SER:HBAcceptor': 3, 'UNL:SER:HBDonor': 3, 'UNL:SER:VdWContact': 3, 'UNL:THR:VdWContact': 1, 'UNL:TYR:Hydrophobic': 1}","{'UNL:ASN:HBAcceptor': 2, 'UNL:ASN:VdWContact': 3, 'UNL:GLY:VdWContact': 2, 'UNL:SER:HBAcceptor': 2, 'UNL:SER:VdWContact': 4, 'UNL:THR:VdWContact': 1, 'UNL:TYR:Hydrophobic': 1, 'UNL:TYR:VdWContact': 1}"
72,Boltz-1-Single-Seq,T1187,1.3333333333333333,2.2222222222222223,"{'UNL:ALA:HBAcceptor': 4, 'UNL:ALA:VdWContact': 4, 'UNL:LYS:VdWContact': 4, 'UNL:THR:VdWContact': 4, 'UNL:TRP:HBAcceptor': 8, 'UNL:TRP:HBDonor': 4, 'UNL:TRP:Hydrophobic': 6, 'UNL:TRP:VdWContact': 12, 'UNL:TYR:Hydrophobic': 4, 'UNL:VAL:Hydrophobic': 4, 'UNL:VAL:VdWContact': 4}","{'UNL:ALA:HBAcceptor': 4, 'UNL:ALA:VdWContact': 4, 'UNL:ASP:VdWContact': 4, 'UNL:LYS:VdWContact': 2, 'UNL:THR:VdWContact': 2, 'UNL:TRP:HBAcceptor': 8, 'UNL:TRP:VdWContact': 8, 'UNL:VAL:VdWContact': 2}"
73,Boltz-1-Single-Seq,T1127v2,4.583333333333335,5.208333333333334,"{'UNL:ALA:Hydrophobic': 10, 'UNL:ARG:HBAcceptor': 20, 'UNL:ARG:HBDonor': 15, 'UNL:ARG:VdWContact': 30, 'UNL:ASN:HBAcceptor': 10, 'UNL:ASN:HBDonor': 15, 'UNL:ASN:VdWContact': 20, 'UNL:ASP:VdWContact': 10, 'UNL:GLN:VdWContact': 10, 'UNL:GLU:HBDonor': 10, 'UNL:GLU:VdWContact': 20, 'UNL:GLY:HBAcceptor': 20, 'UNL:GLY:VdWContact': 20, 'UNL:ILE:Hydrophobic': 20, 'UNL:ILE:VdWContact': 25, 'UNL:LEU:Hydrophobic': 5, 'UNL:LEU:VdWContact': 5, 'UNL:LYS:HBAcceptor': 10, 'UNL:LYS:VdWContact': 10, 'UNL:MET:HBAcceptor': 10, 'UNL:MET:HBDonor': 5, 'UNL:MET:Hydrophobic': 10, 'UNL:MET:VdWContact': 10, 'UNL:PHE:HBAcceptor': 10, 'UNL:PHE:Hydrophobic': 40, 'UNL:PHE:VdWContact': 35, 'UNL:PRO:VdWContact': 5, 'UNL:TRP:Hydrophobic': 5, 'UNL:TRP:VdWContact': 10, 'UNL:TYR:VdWContact': 10, 'UNL:VAL:Hydrophobic': 5, 'UNL:VAL:VdWContact': 10}","{'UNL:ALA:VdWContact': 5, 'UNL:ARG:HBAcceptor': 30, 'UNL:ARG:VdWContact': 35, 'UNL:ASN:HBAcceptor': 10, 'UNL:ASN:Hydrophobic': 10, 'UNL:ASN:VdWContact': 25, 'UNL:ASP:VdWContact': 5, 'UNL:GLN:VdWContact': 10, 'UNL:GLU:VdWContact': 20, 'UNL:GLY:HBAcceptor': 20, 'UNL:GLY:VdWContact': 20, 'UNL:ILE:HBAcceptor': 5, 'UNL:ILE:VdWContact': 5, 'UNL:LEU:VdWContact': 10, 'UNL:LYS:HBAcceptor': 10, 'UNL:LYS:VdWContact': 10, 'UNL:MET:HBAcceptor': 10, 'UNL:MET:VdWContact': 15, 'UNL:PHE:VdWContact': 20, 'UNL:TRP:VdWContact': 5, 'UNL:VAL:HBAcceptor': 5, 'UNL:VAL:VdWContact': 5}"
74,Boltz-1-Single-Seq,T1124,1.3333333333333333,0.8695652173913038,"{'UNL:ASN:VdWContact': 8, 'UNL:CYS:VdWContact': 8, 'UNL:GLN:HBAcceptor': 12, 'UNL:GLN:HBDonor': 8, 'UNL:GLN:VdWContact': 12, 'UNL:GLU:HBDonor': 4, 'UNL:GLU:VdWContact': 8, 'UNL:HIS:HBAcceptor': 4, 'UNL:HIS:VdWContact': 8, 'UNL:ILE:Hydrophobic': 8, 'UNL:LEU:Hydrophobic': 8, 'UNL:LEU:VdWContact': 24, 'UNL:MET:Hydrophobic': 8, 'UNL:MET:VdWContact': 8, 'UNL:PHE:Hydrophobic': 12, 'UNL:PHE:VdWContact': 12, 'UNL:TRP:Hydrophobic': 8, 'UNL:TRP:VdWContact': 8, 'UNL:TYR:Hydrophobic': 8, 'UNL:TYR:VdWContact': 16}","{'UNL:ALA:VdWContact': 8, 'UNL:ASN:HBAcceptor': 8, 'UNL:ASN:VdWContact': 8, 'UNL:ASP:VdWContact': 16, 'UNL:GLY:VdWContact': 8, 'UNL:HIS:HBAcceptor': 4, 'UNL:HIS:VdWContact': 8, 'UNL:ILE:Hydrophobic': 8, 'UNL:LEU:Hydrophobic': 8, 'UNL:LEU:VdWContact': 8, 'UNL:LYS:VdWContact': 8, 'UNL:PHE:HBAcceptor': 8, 'UNL:PHE:Hydrophobic': 8, 'UNL:PHE:VdWContact': 8, 'UNL:SER:VdWContact': 8, 'UNL:TYR:Hydrophobic': 8, 'UNL:TYR:VdWContact': 20, 'UNL:VAL:Hydrophobic': 8, 'UNL:VAL:VdWContact': 4}"
75,Boltz-1-Single-Seq,T1158v3,0.5,0.9999999999999999,"{'UNL:ARG:HBAcceptor': 1, 'UNL:ARG:VdWContact': 2, 'UNL:ASP:VdWContact': 1, 'UNL:GLN:VdWContact': 1, 'UNL:HIS:VdWContact': 1, 'UNL:LEU:Hydrophobic': 2, 'UNL:LEU:VdWContact': 2, 'UNL:MET:Hydrophobic': 1, 'UNL:PHE:Hydrophobic': 3, 'UNL:PHE:VdWContact': 3, 'UNL:TRP:Hydrophobic': 1, 'UNL:TRP:VdWContact': 1}","{'UNL:GLN:HBAcceptor': 2, 'UNL:GLN:VdWContact': 2, 'UNL:LEU:Hydrophobic': 1, 'UNL:PHE:VdWContact': 1, 'UNL:THR:VdWContact': 1, 'UNL:TRP:Hydrophobic': 1}"
76,Boltz-1,T1158v2,0.33333333333333337,1.0,"{'UNL:ARG:HBAcceptor': 1, 'UNL:ARG:VdWContact': 2, 'UNL:ASP:HBDonor': 1, 'UNL:ASP:VdWContact': 1, 'UNL:GLY:VdWContact': 1, 'UNL:ILE:Hydrophobic': 1, 'UNL:LEU:Hydrophobic': 4, 'UNL:LEU:VdWContact': 2, 'UNL:PHE:Hydrophobic': 3, 'UNL:PHE:VdWContact': 2, 'UNL:TRP:Hydrophobic': 1, 'UNL:TRP:VdWContact': 1}","{'UNL:ARG:HBAcceptor': 2, 'UNL:ARG:VdWContact': 2, 'UNL:ASP:VdWContact': 1, 'UNL:GLN:HBAcceptor': 1, 'UNL:GLN:VdWContact': 1, 'UNL:HIS:VdWContact': 1, 'UNL:LEU:Hydrophobic': 1}"
77,Boltz-1,T1152,524.6999999999999,1521.7894736842106,"{'UNL:ASN:HBDonor': 1, 'UNL:ASN:VdWContact': 1, 'UNL:GLN:VdWContact': 1, 'UNL:GLU:VdWContact': 1, 'UNL:ILE:Hydrophobic': 2, 'UNL:ILE:VdWContact': 3, 'UNL:MET:Hydrophobic': 1, 'UNL:MET:VdWContact': 1, 'UNL:PRO:Hydrophobic': 1, 'UNL:PRO:VdWContact': 1, 'UNL:THR:VdWContact': 1, 'UNL:TRP:VdWContact': 1}","{'UNL:ALA:VdWContact': 384, 'UNL:ASN:HBAcceptor': 1152, 'UNL:ASN:VdWContact': 3584, 'UNL:ASP:VdWContact': 1536, 'UNL:GLN:HBAcceptor': 896, 'UNL:GLN:VdWContact': 2560, 'UNL:GLU:HBAcceptor': 128, 'UNL:GLU:VdWContact': 896, 'UNL:GLY:HBAcceptor': 640, 'UNL:GLY:VdWContact': 1920, 'UNL:ILE:HBAcceptor': 512, 'UNL:ILE:VdWContact': 3072, 'UNL:LEU:VdWContact': 1280, 'UNL:LYS:HBAcceptor': 512, 'UNL:LYS:VdWContact': 4224, 'UNL:MET:VdWContact': 1280, 'UNL:PRO:VdWContact': 2432, 'UNL:SER:HBAcceptor': 128, 'UNL:SER:VdWContact': 512, 'UNL:THR:HBAcceptor': 768, 'UNL:THR:VdWContact': 2048, 'UNL:TRP:HBAcceptor': 512, 'UNL:TRP:VdWContact': 768, 'UNL:TYR:VdWContact': 1024, 'UNL:VAL:VdWContact': 1408}"
78,Boltz-1,T1158v4,3.0,3.0000000000000004,"{'UNL:ARG:VdWContact': 4, 'UNL:ASN:HBDonor': 4, 'UNL:ASN:VdWContact': 4, 'UNL:ASP:HBDonor': 4, 'UNL:ASP:VdWContact': 4, 'UNL:GLN:HBAcceptor': 16, 'UNL:GLN:VdWContact': 12, 'UNL:GLY:HBAcceptor': 24, 'UNL:GLY:HBDonor': 4, 'UNL:GLY:VdWContact': 28, 'UNL:HIS:VdWContact': 4, 'UNL:LYS:HBAcceptor': 8, 'UNL:LYS:HBDonor': 4, 'UNL:LYS:VdWContact': 8, 'UNL:SER:HBAcceptor': 16, 'UNL:SER:HBDonor': 12, 'UNL:SER:VdWContact': 28, 'UNL:THR:HBAcceptor': 4, 'UNL:THR:HBDonor': 4, 'UNL:THR:VdWContact': 12, 'UNL:TRP:VdWContact': 4, 'UNL:TYR:VdWContact': 4, 'UNL:VAL:VdWContact': 4}","{'UNL:ARG:VdWContact': 4, 'UNL:ASN:HBAcceptor': 4, 'UNL:ASN:VdWContact': 8, 'UNL:ASP:VdWContact': 4, 'UNL:GLN:HBAcceptor': 12, 'UNL:GLN:VdWContact': 24, 'UNL:GLY:HBAcceptor': 24, 'UNL:GLY:VdWContact': 28, 'UNL:HIS:VdWContact': 4, 'UNL:LYS:HBAcceptor': 8, 'UNL:LYS:VdWContact': 8, 'UNL:SER:HBAcceptor': 16, 'UNL:SER:VdWContact': 32}"
79,Boltz-1,T1146,0.0,0.75,"{'UNL:HIS:Hydrophobic': 1, 'UNL:HIS:VdWContact': 2, 'UNL:LEU:Hydrophobic': 1, 'UNL:LEU:VdWContact': 1, 'UNL:PHE:Hydrophobic': 1, 'UNL:PHE:VdWContact': 1, 'UNL:SER:VdWContact': 1, 'UNL:THR:HBAcceptor': 1, 'UNL:THR:VdWContact': 2, 'UNL:TRP:Hydrophobic': 1, 'UNL:TRP:VdWContact': 1}","{'UNL:ARG:HBAcceptor': 1, 'UNL:ARG:VdWContact': 1, 'UNL:ASP:VdWContact': 1, 'UNL:HIS:VdWContact': 1}"
80,Boltz-1,T1186,1.0,0.4545454545454546,"{'UNL:ASN:HBAcceptor': 1, 'UNL:ASN:Hydrophobic': 2, 'UNL:ASN:VdWContact': 3, 'UNL:ASP:VdWContact': 1, 'UNL:CYS:VdWContact': 1, 'UNL:GLY:VdWContact': 1, 'UNL:PRO:Hydrophobic': 1, 'UNL:PRO:VdWContact': 1, 'UNL:SER:HBAcceptor': 3, 'UNL:SER:HBDonor': 3, 'UNL:SER:VdWContact': 3, 'UNL:THR:VdWContact': 1, 'UNL:TYR:Hydrophobic': 1}","{'UNL:ASN:HBAcceptor': 2, 'UNL:ASN:VdWContact': 3, 'UNL:GLY:VdWContact': 2, 'UNL:SER:HBAcceptor': 2, 'UNL:SER:VdWContact': 4, 'UNL:THR:VdWContact': 1, 'UNL:TYR:Hydrophobic': 1, 'UNL:TYR:VdWContact': 1}"
81,Boltz-1,T1187,1.3333333333333333,2.0,"{'UNL:ALA:HBAcceptor': 4, 'UNL:ALA:VdWContact': 4, 'UNL:THR:VdWContact': 4, 'UNL:TRP:HBAcceptor': 8, 'UNL:TRP:HBDonor': 4, 'UNL:TRP:Hydrophobic': 8, 'UNL:TRP:VdWContact': 12, 'UNL:TYR:Hydrophobic': 4, 'UNL:VAL:Hydrophobic': 4, 'UNL:VAL:VdWContact': 4}","{'UNL:ALA:HBAcceptor': 4, 'UNL:ALA:VdWContact': 4, 'UNL:ASP:VdWContact': 4, 'UNL:LYS:VdWContact': 2, 'UNL:THR:VdWContact': 2, 'UNL:TRP:HBAcceptor': 8, 'UNL:TRP:VdWContact': 8, 'UNL:VAL:VdWContact': 2}"
82,Boltz-1,T1127v2,4.166666666666668,5.909090909090909,"{'UNL:ALA:Hydrophobic': 10, 'UNL:ARG:HBAcceptor': 20, 'UNL:ARG:HBDonor': 15, 'UNL:ARG:VdWContact': 30, 'UNL:ASN:HBAcceptor': 10, 'UNL:ASN:HBDonor': 15, 'UNL:ASN:VdWContact': 20, 'UNL:ASP:VdWContact': 10, 'UNL:GLN:HBDonor': 5, 'UNL:GLN:VdWContact': 10, 'UNL:GLU:HBDonor': 5, 'UNL:GLU:VdWContact': 20, 'UNL:GLY:HBAcceptor': 20, 'UNL:GLY:VdWContact': 20, 'UNL:ILE:Hydrophobic': 20, 'UNL:ILE:VdWContact': 25, 'UNL:LEU:Hydrophobic': 10, 'UNL:LEU:VdWContact': 5, 'UNL:LYS:HBAcceptor': 10, 'UNL:LYS:VdWContact': 20, 'UNL:MET:HBAcceptor': 10, 'UNL:MET:Hydrophobic': 15, 'UNL:MET:VdWContact': 10, 'UNL:PHE:HBAcceptor': 10, 'UNL:PHE:Hydrophobic': 40, 'UNL:PHE:VdWContact': 40, 'UNL:TRP:Hydrophobic': 10, 'UNL:TRP:VdWContact': 5, 'UNL:TYR:VdWContact': 10}","{'UNL:ALA:VdWContact': 5, 'UNL:ARG:HBAcceptor': 30, 'UNL:ARG:VdWContact': 35, 'UNL:ASN:HBAcceptor': 10, 'UNL:ASN:Hydrophobic': 10, 'UNL:ASN:VdWContact': 25, 'UNL:ASP:VdWContact': 5, 'UNL:GLN:VdWContact': 10, 'UNL:GLU:VdWContact': 20, 'UNL:GLY:HBAcceptor': 20, 'UNL:GLY:VdWContact': 20, 'UNL:ILE:HBAcceptor': 5, 'UNL:ILE:VdWContact': 5, 'UNL:LEU:VdWContact': 10, 'UNL:LYS:HBAcceptor': 10, 'UNL:LYS:VdWContact': 10, 'UNL:MET:HBAcceptor': 10, 'UNL:MET:VdWContact': 15, 'UNL:PHE:VdWContact': 20, 'UNL:TRP:VdWContact': 5, 'UNL:VAL:HBAcceptor': 5, 'UNL:VAL:VdWContact': 5}"
83,Boltz-1,T1124,1.3333333333333333,1.6000000000000008,"{'UNL:ASN:HBAcceptor': 8, 'UNL:ASN:HBDonor': 8, 'UNL:ASN:VdWContact': 16, 'UNL:CYS:Hydrophobic': 8, 'UNL:CYS:VdWContact': 8, 'UNL:GLN:HBDonor': 8, 'UNL:GLN:VdWContact': 8, 'UNL:GLU:VdWContact': 4, 'UNL:GLY:VdWContact': 8, 'UNL:HIS:VdWContact': 8, 'UNL:ILE:Hydrophobic': 8, 'UNL:ILE:VdWContact': 8, 'UNL:LEU:VdWContact': 32, 'UNL:MET:Hydrophobic': 8, 'UNL:MET:VdWContact': 8, 'UNL:PHE:Hydrophobic': 16, 'UNL:PHE:VdWContact': 12, 'UNL:TRP:Hydrophobic': 8, 'UNL:TRP:VdWContact': 8, 'UNL:TYR:HBDonor': 4, 'UNL:TYR:VdWContact': 8, 'UNL:VAL:Hydrophobic': 8}","{'UNL:ALA:VdWContact': 8, 'UNL:ASN:HBAcceptor': 8, 'UNL:ASN:VdWContact': 8, 'UNL:ASP:VdWContact': 16, 'UNL:GLY:VdWContact': 8, 'UNL:HIS:HBAcceptor': 4, 'UNL:HIS:VdWContact': 8, 'UNL:ILE:Hydrophobic': 8, 'UNL:LEU:Hydrophobic': 8, 'UNL:LEU:VdWContact': 8, 'UNL:LYS:VdWContact': 8, 'UNL:PHE:HBAcceptor': 8, 'UNL:PHE:Hydrophobic': 8, 'UNL:PHE:VdWContact': 8, 'UNL:SER:VdWContact': 8, 'UNL:TYR:Hydrophobic': 8, 'UNL:TYR:VdWContact': 20, 'UNL:VAL:Hydrophobic': 8, 'UNL:VAL:VdWContact': 4}"
84,Boltz-1,T1158v3,0.3333333333333333,1.0,"{'UNL:ARG:HBAcceptor': 2, 'UNL:ARG:HBDonor': 1, 'UNL:ARG:VdWContact': 2, 'UNL:GLY:VdWContact': 1, 'UNL:HIS:VdWContact': 1, 'UNL:LEU:Hydrophobic': 2, 'UNL:LEU:VdWContact': 2, 'UNL:MET:Hydrophobic': 1, 'UNL:MET:VdWContact': 1, 'UNL:PHE:Hydrophobic': 4, 'UNL:PHE:VdWContact': 3, 'UNL:THR:Hydrophobic': 1, 'UNL:TRP:Hydrophobic': 1, 'UNL:TRP:VdWContact': 1}","{'UNL:GLN:HBAcceptor': 2, 'UNL:GLN:VdWContact': 2, 'UNL:LEU:Hydrophobic': 1, 'UNL:PHE:VdWContact': 1, 'UNL:THR:VdWContact': 1, 'UNL:TRP:Hydrophobic': 1}"
85,AF3-Single-Seq,H1171v2,18.000000000000004,8.999999999999998,"{'UNL:ARG:HBAcceptor': 27, 'UNL:ARG:HBDonor': 18, 'UNL:ARG:VdWContact': 45, 'UNL:ASP:VdWContact': 27, 'UNL:GLN:HBAcceptor': 9, 'UNL:GLN:HBDonor': 18, 'UNL:GLN:VdWContact': 27, 'UNL:GLY:HBAcceptor': 90, 'UNL:GLY:HBDonor': 27, 'UNL:GLY:VdWContact': 90, 'UNL:ILE:VdWContact': 9, 'UNL:LEU:HBDonor': 18, 'UNL:LEU:VdWContact': 27, 'UNL:LYS:HBAcceptor': 45, 'UNL:LYS:HBDonor': 27, 'UNL:LYS:VdWContact': 45, 'UNL:MET:VdWContact': 9, 'UNL:PHE:VdWContact': 54, 'UNL:PRO:VdWContact': 18, 'UNL:THR:HBAcceptor': 81, 'UNL:THR:HBDonor': 18, 'UNL:THR:VdWContact': 126}","{'UNL:ARG:HBAcceptor': 72, 'UNL:ARG:VdWContact': 81, 'UNL:GLY:HBAcceptor': 72, 'UNL:GLY:VdWContact': 81, 'UNL:ILE:VdWContact': 36, 'UNL:LEU:VdWContact': 27, 'UNL:LYS:HBAcceptor': 45, 'UNL:LYS:VdWContact': 54, 'UNL:PRO:Hydrophobic': 27, 'UNL:PRO:VdWContact': 45, 'UNL:THR:HBAcceptor': 63, 'UNL:THR:Hydrophobic': 9, 'UNL:THR:VdWContact': 162}"
86,AF3-Single-Seq,T1152,476.81818181818176,1257.0000000000002,"{'UNL:ASP:HBDonor': 1, 'UNL:ASP:Hydrophobic': 1, 'UNL:ASP:VdWContact': 1, 'UNL:GLY:HBAcceptor': 1, 'UNL:GLY:VdWContact': 1, 'UNL:ILE:Hydrophobic': 1, 'UNL:ILE:VdWContact': 2, 'UNL:LEU:Hydrophobic': 1, 'UNL:LEU:VdWContact': 1, 'UNL:LYS:VdWContact': 1, 'UNL:MET:Hydrophobic': 1, 'UNL:PRO:Hydrophobic': 1, 'UNL:SER:HBDonor': 1, 'UNL:SER:VdWContact': 1, 'UNL:TRP:Hydrophobic': 1, 'UNL:TYR:VdWContact': 2, 'UNL:VAL:Hydrophobic': 1, 'UNL:VAL:VdWContact': 1}","{'UNL:ALA:VdWContact': 384, 'UNL:ASN:HBAcceptor': 1152, 'UNL:ASN:VdWContact': 3584, 'UNL:ASP:VdWContact': 1536, 'UNL:GLN:HBAcceptor': 896, 'UNL:GLN:VdWContact': 2560, 'UNL:GLU:HBAcceptor': 128, 'UNL:GLU:VdWContact': 896, 'UNL:GLY:HBAcceptor': 640, 'UNL:GLY:VdWContact': 1920, 'UNL:ILE:HBAcceptor': 512, 'UNL:ILE:VdWContact': 3072, 'UNL:LEU:VdWContact': 1280, 'UNL:LYS:HBAcceptor': 512, 'UNL:LYS:VdWContact': 4224, 'UNL:MET:VdWContact': 1280, 'UNL:PRO:VdWContact': 2432, 'UNL:SER:HBAcceptor': 128, 'UNL:SER:VdWContact': 512, 'UNL:THR:HBAcceptor': 768, 'UNL:THR:VdWContact': 2048, 'UNL:TRP:HBAcceptor': 512, 'UNL:TRP:VdWContact': 768, 'UNL:TYR:VdWContact': 1024, 'UNL:VAL:VdWContact': 1408}"
87,AF3-Single-Seq,H1171v1,22.0,22.0,"{'UNL:ASP:VdWContact': 55, 'UNL:GLY:HBAcceptor': 132, 'UNL:GLY:HBDonor': 33, 'UNL:GLY:VdWContact': 187, 'UNL:LEU:HBDonor': 11, 'UNL:LEU:VdWContact': 11, 'UNL:LYS:HBAcceptor': 66, 'UNL:LYS:HBDonor': 44, 'UNL:LYS:VdWContact': 66, 'UNL:PRO:VdWContact': 33, 'UNL:THR:HBAcceptor': 132, 'UNL:THR:HBDonor': 55, 'UNL:THR:VdWContact': 132}","{'UNL:ARG:HBAcceptor': 110, 'UNL:ARG:VdWContact': 99, 'UNL:ASN:VdWContact': 11, 'UNL:ASP:VdWContact': 22, 'UNL:GLY:HBAcceptor': 99, 'UNL:GLY:VdWContact': 121, 'UNL:ILE:VdWContact': 55, 'UNL:LEU:VdWContact': 11, 'UNL:LYS:HBAcceptor': 44, 'UNL:LYS:VdWContact': 44, 'UNL:PRO:Hydrophobic': 44, 'UNL:PRO:VdWContact': 55, 'UNL:THR:HBAcceptor': 88, 'UNL:THR:VdWContact': 231, 'UNL:TYR:VdWContact': 11}"
88,AF3-Single-Seq,H1172v1,13.0,9.69230769230769,"{'UNL:ALA:VdWContact': 9, 'UNL:ASP:VdWContact': 18, 'UNL:GLU:VdWContact': 9, 'UNL:GLY:HBAcceptor': 108, 'UNL:GLY:HBDonor': 36, 'UNL:GLY:VdWContact': 108, 'UNL:LEU:VdWContact': 45, 'UNL:LYS:HBAcceptor': 54, 'UNL:LYS:HBDonor': 27, 'UNL:LYS:VdWContact': 108, 'UNL:PRO:VdWContact': 45, 'UNL:THR:HBAcceptor': 90, 'UNL:THR:HBDonor': 27, 'UNL:THR:VdWContact': 99, 'UNL:VAL:HBDonor': 9, 'UNL:VAL:VdWContact': 18}","{'UNL:ARG:HBAcceptor': 54, 'UNL:ARG:VdWContact': 63, 'UNL:GLY:HBAcceptor': 63, 'UNL:GLY:VdWContact': 90, 'UNL:ILE:VdWContact': 54, 'UNL:LEU:VdWContact': 18, 'UNL:LYS:HBAcceptor': 36, 'UNL:LYS:VdWContact': 36, 'UNL:PRO:Hydrophobic': 18, 'UNL:PRO:VdWContact': 45, 'UNL:THR:HBAcceptor': 72, 'UNL:THR:VdWContact': 144, 'UNL:TYR:HBAcceptor': 9, 'UNL:TYR:VdWContact': 9}"
89,AF3-Single-Seq,H1172v4,9.0,11.076923076923077,"{'UNL:ALA:VdWContact': 9, 'UNL:ASP:VdWContact': 18, 'UNL:GLU:VdWContact': 9, 'UNL:GLY:HBAcceptor': 108, 'UNL:GLY:HBDonor': 36, 'UNL:GLY:VdWContact': 108, 'UNL:LEU:VdWContact': 45, 'UNL:LYS:HBAcceptor': 54, 'UNL:LYS:HBDonor': 27, 'UNL:LYS:VdWContact': 108, 'UNL:PRO:VdWContact': 45, 'UNL:THR:HBAcceptor': 90, 'UNL:THR:HBDonor': 9, 'UNL:THR:VdWContact': 99, 'UNL:VAL:VdWContact': 18}","{'UNL:ARG:HBAcceptor': 63, 'UNL:ARG:VdWContact': 63, 'UNL:GLY:HBAcceptor': 99, 'UNL:GLY:VdWContact': 81, 'UNL:ILE:VdWContact': 45, 'UNL:LEU:HBAcceptor': 9, 'UNL:LEU:VdWContact': 27, 'UNL:LYS:HBAcceptor': 45, 'UNL:LYS:VdWContact': 45, 'UNL:PRO:Hydrophobic': 27, 'UNL:PRO:VdWContact': 36, 'UNL:THR:HBAcceptor': 72, 'UNL:THR:VdWContact': 135, 'UNL:TYR:VdWContact': 18}"
90,AF3-Single-Seq,H1172v2,23.625,18.0,"{'UNL:ASP:VdWContact': 81, 'UNL:GLY:HBAcceptor': 108, 'UNL:GLY:HBDonor': 36, 'UNL:GLY:VdWContact': 108, 'UNL:LEU:HBDonor': 18, 'UNL:LEU:VdWContact': 90, 'UNL:LYS:HBAcceptor': 54, 'UNL:LYS:HBDonor': 18, 'UNL:LYS:VdWContact': 54, 'UNL:PRO:VdWContact': 36, 'UNL:THR:HBAcceptor': 135, 'UNL:THR:HBDonor': 36, 'UNL:THR:VdWContact': 162}","{'UNL:ARG:HBAcceptor': 63, 'UNL:ARG:VdWContact': 63, 'UNL:GLY:HBAcceptor': 72, 'UNL:GLY:VdWContact': 81, 'UNL:ILE:VdWContact': 45, 'UNL:LEU:VdWContact': 9, 'UNL:LYS:HBAcceptor': 27, 'UNL:LYS:VdWContact': 45, 'UNL:PRO:Hydrophobic': 18, 'UNL:PRO:VdWContact': 27, 'UNL:THR:HBAcceptor': 72, 'UNL:THR:VdWContact': 135, 'UNL:TYR:VdWContact': 18}"
91,AF3-Single-Seq,T1187,2.666666666666667,1.2307692307692308,"{'UNL:ARG:VdWContact': 4, 'UNL:GLU:HBDonor': 4, 'UNL:GLU:Hydrophobic': 4, 'UNL:GLU:VdWContact': 4, 'UNL:GLY:VdWContact': 4, 'UNL:LYS:Hydrophobic': 2, 'UNL:THR:VdWContact': 4, 'UNL:TYR:VdWContact': 4, 'UNL:VAL:Hydrophobic': 8, 'UNL:VAL:VdWContact': 4}","{'UNL:ALA:HBAcceptor': 4, 'UNL:ALA:VdWContact': 4, 'UNL:ASP:VdWContact': 4, 'UNL:LYS:VdWContact': 2, 'UNL:THR:VdWContact': 2, 'UNL:TRP:HBAcceptor': 8, 'UNL:TRP:VdWContact': 8, 'UNL:VAL:VdWContact': 2}"
92,AF3-Single-Seq,T1127v2,3.333333333333333,2.5,"{'UNL:ALA:VdWContact': 15, 'UNL:ARG:HBAcceptor': 20, 'UNL:ARG:HBDonor': 5, 'UNL:ARG:Hydrophobic': 10, 'UNL:ARG:VdWContact': 30, 'UNL:ASN:HBAcceptor': 5, 'UNL:ASN:HBDonor': 5, 'UNL:ASN:Hydrophobic': 5, 'UNL:ASN:VdWContact': 10, 'UNL:GLU:Hydrophobic': 5, 'UNL:GLU:VdWContact': 5, 'UNL:GLY:HBAcceptor': 5, 'UNL:GLY:HBDonor': 10, 'UNL:GLY:VdWContact': 10, 'UNL:HIS:VdWContact': 5, 'UNL:LEU:Hydrophobic': 20, 'UNL:LEU:VdWContact': 15, 'UNL:LYS:VdWContact': 10, 'UNL:PHE:Hydrophobic': 25, 'UNL:PHE:VdWContact': 30, 'UNL:PRO:VdWContact': 5, 'UNL:SER:VdWContact': 10, 'UNL:THR:VdWContact': 5, 'UNL:TYR:HBAcceptor': 5, 'UNL:TYR:HBDonor': 5, 'UNL:TYR:Hydrophobic': 20, 'UNL:TYR:VdWContact': 15, 'UNL:VAL:Hydrophobic': 5}","{'UNL:ALA:VdWContact': 5, 'UNL:ARG:HBAcceptor': 30, 'UNL:ARG:VdWContact': 35, 'UNL:ASN:HBAcceptor': 10, 'UNL:ASN:Hydrophobic': 10, 'UNL:ASN:VdWContact': 25, 'UNL:ASP:VdWContact': 5, 'UNL:GLN:VdWContact': 10, 'UNL:GLU:VdWContact': 20, 'UNL:GLY:HBAcceptor': 20, 'UNL:GLY:VdWContact': 20, 'UNL:ILE:HBAcceptor': 5, 'UNL:ILE:VdWContact': 5, 'UNL:LEU:VdWContact': 10, 'UNL:LYS:HBAcceptor': 10, 'UNL:LYS:VdWContact': 10, 'UNL:MET:HBAcceptor': 10, 'UNL:MET:VdWContact': 15, 'UNL:PHE:VdWContact': 20, 'UNL:TRP:VdWContact': 5, 'UNL:VAL:HBAcceptor': 5, 'UNL:VAL:VdWContact': 5}"
93,AF3-Single-Seq,T1124,2.4,1.6000000000000003,"{'UNL:ASN:VdWContact': 8, 'UNL:ASP:HBDonor': 4, 'UNL:ASP:Hydrophobic': 8, 'UNL:ASP:VdWContact': 16, 'UNL:GLU:Hydrophobic': 8, 'UNL:HIS:Hydrophobic': 8, 'UNL:HIS:VdWContact': 16, 'UNL:ILE:VdWContact': 8, 'UNL:LEU:VdWContact': 8, 'UNL:LYS:HBDonor': 4, 'UNL:LYS:VdWContact': 8, 'UNL:SER:VdWContact': 8, 'UNL:TYR:Hydrophobic': 8, 'UNL:TYR:VdWContact': 8}","{'UNL:ALA:VdWContact': 8, 'UNL:ASN:HBAcceptor': 8, 'UNL:ASN:VdWContact': 8, 'UNL:ASP:VdWContact': 16, 'UNL:GLY:VdWContact': 8, 'UNL:HIS:HBAcceptor': 4, 'UNL:HIS:VdWContact': 8, 'UNL:ILE:Hydrophobic': 8, 'UNL:LEU:Hydrophobic': 8, 'UNL:LEU:VdWContact': 8, 'UNL:LYS:VdWContact': 8, 'UNL:PHE:HBAcceptor': 8, 'UNL:PHE:Hydrophobic': 8, 'UNL:PHE:VdWContact': 8, 'UNL:SER:VdWContact': 8, 'UNL:TYR:Hydrophobic': 8, 'UNL:TYR:VdWContact': 20, 'UNL:VAL:Hydrophobic': 8, 'UNL:VAL:VdWContact': 4}"
94,AF3-Single-Seq,H1172v3,17.0,13.09090909090909,"{'UNL:ARG:VdWContact': 8, 'UNL:ASP:VdWContact': 16, 'UNL:GLY:HBAcceptor': 96, 'UNL:GLY:HBDonor': 16, 'UNL:GLY:VdWContact': 96, 'UNL:LEU:VdWContact': 72, 'UNL:LYS:HBAcceptor': 48, 'UNL:LYS:HBDonor': 16, 'UNL:LYS:VdWContact': 48, 'UNL:PHE:HBDonor': 16, 'UNL:PHE:VdWContact': 40, 'UNL:PRO:VdWContact': 8, 'UNL:THR:HBAcceptor': 96, 'UNL:THR:HBDonor': 32, 'UNL:THR:VdWContact': 96, 'UNL:TYR:VdWContact': 96}","{'UNL:ARG:HBAcceptor': 56, 'UNL:ARG:VdWContact': 64, 'UNL:GLY:HBAcceptor': 64, 'UNL:GLY:VdWContact': 72, 'UNL:ILE:VdWContact': 32, 'UNL:LEU:VdWContact': 24, 'UNL:LYS:HBAcceptor': 40, 'UNL:LYS:VdWContact': 48, 'UNL:PRO:Hydrophobic': 16, 'UNL:PRO:VdWContact': 24, 'UNL:THR:HBAcceptor': 56, 'UNL:THR:VdWContact': 88}"
95,AF3,H1171v2,39.0,28.5,"{'UNL:ARG:HBAcceptor': 81, 'UNL:ARG:HBDonor': 54, 'UNL:ARG:VdWContact': 135, 'UNL:ASP:VdWContact': 18, 'UNL:GLU:VdWContact': 9, 'UNL:GLY:HBAcceptor': 108, 'UNL:GLY:HBDonor': 72, 'UNL:GLY:VdWContact': 108, 'UNL:ILE:HBAcceptor': 54, 'UNL:ILE:VdWContact': 108, 'UNL:LEU:HBDonor': 54, 'UNL:LEU:VdWContact': 72, 'UNL:LYS:HBAcceptor': 54, 'UNL:LYS:HBDonor': 18, 'UNL:LYS:VdWContact': 54, 'UNL:PRO:VdWContact': 90, 'UNL:THR:HBAcceptor': 108, 'UNL:THR:VdWContact': 108, 'UNL:TYR:VdWContact': 108}","{'UNL:ARG:HBAcceptor': 72, 'UNL:ARG:VdWContact': 81, 'UNL:GLY:HBAcceptor': 72, 'UNL:GLY:VdWContact': 81, 'UNL:ILE:VdWContact': 36, 'UNL:LEU:VdWContact': 27, 'UNL:LYS:HBAcceptor': 45, 'UNL:LYS:VdWContact': 54, 'UNL:PRO:Hydrophobic': 27, 'UNL:PRO:VdWContact': 45, 'UNL:THR:HBAcceptor': 63, 'UNL:THR:Hydrophobic': 9, 'UNL:THR:VdWContact': 162}"
96,AF3,T1152,524.6999999999999,1445.6,"{'UNL:ASN:VdWContact': 1, 'UNL:ASP:VdWContact': 1, 'UNL:ILE:Hydrophobic': 1, 'UNL:LYS:VdWContact': 1, 'UNL:MET:HBAcceptor': 1, 'UNL:MET:VdWContact': 1, 'UNL:PRO:Hydrophobic': 2, 'UNL:PRO:VdWContact': 3, 'UNL:THR:Hydrophobic': 1, 'UNL:THR:VdWContact': 1, 'UNL:TRP:VdWContact': 1, 'UNL:TYR:Hydrophobic': 1, 'UNL:TYR:VdWContact': 2}","{'UNL:ALA:VdWContact': 384, 'UNL:ASN:HBAcceptor': 1152, 'UNL:ASN:VdWContact': 3584, 'UNL:ASP:VdWContact': 1536, 'UNL:GLN:HBAcceptor': 896, 'UNL:GLN:VdWContact': 2560, 'UNL:GLU:HBAcceptor': 128, 'UNL:GLU:VdWContact': 896, 'UNL:GLY:HBAcceptor': 640, 'UNL:GLY:VdWContact': 1920, 'UNL:ILE:HBAcceptor': 512, 'UNL:ILE:VdWContact': 3072, 'UNL:LEU:VdWContact': 1280, 'UNL:LYS:HBAcceptor': 512, 'UNL:LYS:VdWContact': 4224, 'UNL:MET:VdWContact': 1280, 'UNL:PRO:VdWContact': 2432, 'UNL:SER:HBAcceptor': 128, 'UNL:SER:VdWContact': 512, 'UNL:THR:HBAcceptor': 768, 'UNL:THR:VdWContact': 2048, 'UNL:TRP:HBAcceptor': 512, 'UNL:TRP:VdWContact': 768, 'UNL:TYR:VdWContact': 1024, 'UNL:VAL:VdWContact': 1408}"
97,AF3,H1171v1,52.55555555555556,42.0,"{'UNL:ARG:HBAcceptor': 132, 'UNL:ARG:HBDonor': 77, 'UNL:ARG:VdWContact': 187, 'UNL:ASP:VdWContact': 55, 'UNL:GLY:HBAcceptor': 132, 'UNL:GLY:HBDonor': 77, 'UNL:GLY:VdWContact': 132, 'UNL:ILE:HBAcceptor': 66, 'UNL:ILE:VdWContact': 132, 'UNL:LEU:HBDonor': 66, 'UNL:LEU:VdWContact': 77, 'UNL:LYS:HBAcceptor': 66, 'UNL:LYS:HBDonor': 66, 'UNL:LYS:VdWContact': 66, 'UNL:PRO:VdWContact': 121, 'UNL:THR:HBAcceptor': 132, 'UNL:THR:VdWContact': 132, 'UNL:TYR:VdWContact': 132}","{'UNL:ARG:HBAcceptor': 110, 'UNL:ARG:VdWContact': 99, 'UNL:ASN:VdWContact': 11, 'UNL:ASP:VdWContact': 22, 'UNL:GLY:HBAcceptor': 99, 'UNL:GLY:VdWContact': 121, 'UNL:ILE:VdWContact': 55, 'UNL:LEU:VdWContact': 11, 'UNL:LYS:HBAcceptor': 44, 'UNL:LYS:VdWContact': 44, 'UNL:PRO:Hydrophobic': 44, 'UNL:PRO:VdWContact': 55, 'UNL:THR:HBAcceptor': 88, 'UNL:THR:VdWContact': 231, 'UNL:TYR:VdWContact': 11}"
98,AF3,H1172v1,33.3,33.3,"{'UNL:ARG:HBAcceptor': 90, 'UNL:ARG:HBDonor': 27, 'UNL:ARG:VdWContact': 135, 'UNL:ASP:VdWContact': 9, 'UNL:GLY:HBAcceptor': 108, 'UNL:GLY:HBDonor': 63, 'UNL:GLY:VdWContact': 108, 'UNL:ILE:HBAcceptor': 54, 'UNL:ILE:VdWContact': 108, 'UNL:LEU:HBDonor': 54, 'UNL:LEU:VdWContact': 81, 'UNL:LYS:HBAcceptor': 54, 'UNL:LYS:HBDonor': 9, 'UNL:LYS:VdWContact': 54, 'UNL:PRO:VdWContact': 81, 'UNL:THR:HBAcceptor': 108, 'UNL:THR:VdWContact': 108, 'UNL:TYR:VdWContact': 108}","{'UNL:ARG:HBAcceptor': 54, 'UNL:ARG:VdWContact': 63, 'UNL:GLY:HBAcceptor': 63, 'UNL:GLY:VdWContact': 90, 'UNL:ILE:VdWContact': 54, 'UNL:LEU:VdWContact': 18, 'UNL:LYS:HBAcceptor': 36, 'UNL:LYS:VdWContact': 36, 'UNL:PRO:Hydrophobic': 18, 'UNL:PRO:VdWContact': 45, 'UNL:THR:HBAcceptor': 72, 'UNL:THR:VdWContact': 144, 'UNL:TYR:HBAcceptor': 9, 'UNL:TYR:VdWContact': 9}"
99,AF3,H1172v4,29.7,33.3,"{'UNL:ARG:HBAcceptor': 90, 'UNL:ARG:HBDonor': 36, 'UNL:ARG:VdWContact': 135, 'UNL:ASP:VdWContact': 9, 'UNL:GLY:HBAcceptor': 108, 'UNL:GLY:HBDonor': 63, 'UNL:GLY:VdWContact': 108, 'UNL:ILE:HBAcceptor': 54, 'UNL:ILE:VdWContact': 108, 'UNL:LEU:HBDonor': 54, 'UNL:LEU:VdWContact': 81, 'UNL:LYS:HBAcceptor': 54, 'UNL:LYS:HBDonor': 18, 'UNL:LYS:VdWContact': 54, 'UNL:PRO:VdWContact': 81, 'UNL:THR:HBAcceptor': 108, 'UNL:THR:VdWContact': 108, 'UNL:TYR:VdWContact': 108}","{'UNL:ARG:HBAcceptor': 63, 'UNL:ARG:VdWContact': 63, 'UNL:GLY:HBAcceptor': 99, 'UNL:GLY:VdWContact': 81, 'UNL:ILE:VdWContact': 45, 'UNL:LEU:HBAcceptor': 9, 'UNL:LEU:VdWContact': 27, 'UNL:LYS:HBAcceptor': 45, 'UNL:LYS:VdWContact': 45, 'UNL:PRO:Hydrophobic': 27, 'UNL:PRO:VdWContact': 36, 'UNL:THR:HBAcceptor': 72, 'UNL:THR:VdWContact': 135, 'UNL:TYR:VdWContact': 18}"
100,AF3,T1146,0.0,0.625,"{'UNL:ARG:HBAcceptor': 1, 'UNL:ARG:VdWContact': 1, 'UNL:ASP:VdWContact': 1, 'UNL:HIS:Hydrophobic': 1, 'UNL:HIS:VdWContact': 1, 'UNL:LEU:Hydrophobic': 1, 'UNL:PHE:Hydrophobic': 1, 'UNL:THR:VdWContact': 1, 'UNL:TRP:Hydrophobic': 1}","{'UNL:ARG:HBAcceptor': 1, 'UNL:ARG:VdWContact': 1, 'UNL:ASP:VdWContact': 1, 'UNL:HIS:VdWContact': 1}"
101,AF3,H1172v2,41.625,36.89999999999999,"{'UNL:ARG:HBAcceptor': 81, 'UNL:ARG:HBDonor': 54, 'UNL:ARG:VdWContact': 126, 'UNL:ASP:VdWContact': 18, 'UNL:GLY:HBAcceptor': 108, 'UNL:GLY:HBDonor': 63, 'UNL:GLY:VdWContact': 108, 'UNL:ILE:HBAcceptor': 54, 'UNL:ILE:VdWContact': 108, 'UNL:LEU:HBDonor': 45, 'UNL:LEU:VdWContact': 45, 'UNL:LYS:HBAcceptor': 54, 'UNL:LYS:VdWContact': 54, 'UNL:PRO:VdWContact': 117, 'UNL:THR:HBAcceptor': 108, 'UNL:THR:VdWContact': 108, 'UNL:TYR:VdWContact': 108}","{'UNL:ARG:HBAcceptor': 63, 'UNL:ARG:VdWContact': 63, 'UNL:GLY:HBAcceptor': 72, 'UNL:GLY:VdWContact': 81, 'UNL:ILE:VdWContact': 45, 'UNL:LEU:VdWContact': 9, 'UNL:LYS:HBAcceptor': 27, 'UNL:LYS:VdWContact': 45, 'UNL:PRO:Hydrophobic': 18, 'UNL:PRO:VdWContact': 27, 'UNL:THR:HBAcceptor': 72, 'UNL:THR:VdWContact': 135, 'UNL:TYR:VdWContact': 18}"
102,AF3,T1187,0.0,1.0909090909090906,"{'UNL:ALA:HBAcceptor': 4, 'UNL:ALA:VdWContact': 4, 'UNL:PRO:Hydrophobic': 4, 'UNL:PRO:VdWContact': 2, 'UNL:TRP:HBAcceptor': 8, 'UNL:TRP:Hydrophobic': 8, 'UNL:TRP:VdWContact': 8, 'UNL:TYR:Hydrophobic': 4, 'UNL:VAL:Hydrophobic': 4}","{'UNL:ALA:HBAcceptor': 4, 'UNL:ALA:VdWContact': 4, 'UNL:ASP:VdWContact': 4, 'UNL:LYS:VdWContact': 2, 'UNL:THR:VdWContact': 2, 'UNL:TRP:HBAcceptor': 8, 'UNL:TRP:VdWContact': 8, 'UNL:VAL:VdWContact': 2}"
103,AF3,T1127v2,2.2727272727272725,6.739130434782608,"{'UNL:ALA:Hydrophobic': 10, 'UNL:ARG:HBAcceptor': 25, 'UNL:ARG:HBDonor': 10, 'UNL:ARG:VdWContact': 40, 'UNL:ASN:HBAcceptor': 10, 'UNL:ASN:VdWContact': 30, 'UNL:ASP:VdWContact': 10, 'UNL:GLN:HBDonor': 5, 'UNL:GLN:VdWContact': 5, 'UNL:GLU:VdWContact': 20, 'UNL:GLY:HBAcceptor': 20, 'UNL:GLY:VdWContact': 20, 'UNL:ILE:HBAcceptor': 5, 'UNL:ILE:Hydrophobic': 10, 'UNL:ILE:VdWContact': 20, 'UNL:LEU:VdWContact': 5, 'UNL:LYS:HBAcceptor': 10, 'UNL:LYS:Hydrophobic': 10, 'UNL:LYS:VdWContact': 20, 'UNL:MET:HBAcceptor': 10, 'UNL:MET:HBDonor': 5, 'UNL:MET:Hydrophobic': 10, 'UNL:MET:VdWContact': 20, 'UNL:PHE:Hydrophobic': 40, 'UNL:PHE:VdWContact': 45, 'UNL:THR:HBAcceptor': 5, 'UNL:THR:VdWContact': 5, 'UNL:TRP:Hydrophobic': 5, 'UNL:TRP:VdWContact': 10, 'UNL:TYR:VdWContact': 10, 'UNL:VAL:VdWContact': 10}","{'UNL:ALA:VdWContact': 5, 'UNL:ARG:HBAcceptor': 30, 'UNL:ARG:VdWContact': 35, 'UNL:ASN:HBAcceptor': 10, 'UNL:ASN:Hydrophobic': 10, 'UNL:ASN:VdWContact': 25, 'UNL:ASP:VdWContact': 5, 'UNL:GLN:VdWContact': 10, 'UNL:GLU:VdWContact': 20, 'UNL:GLY:HBAcceptor': 20, 'UNL:GLY:VdWContact': 20, 'UNL:ILE:HBAcceptor': 5, 'UNL:ILE:VdWContact': 5, 'UNL:LEU:VdWContact': 10, 'UNL:LYS:HBAcceptor': 10, 'UNL:LYS:VdWContact': 10, 'UNL:MET:HBAcceptor': 10, 'UNL:MET:VdWContact': 15, 'UNL:PHE:VdWContact': 20, 'UNL:TRP:VdWContact': 5, 'UNL:VAL:HBAcceptor': 5, 'UNL:VAL:VdWContact': 5}"
104,AF3,T1124,3.6,4.695652173913043,"{'UNL:ALA:HBDonor': 4, 'UNL:ALA:VdWContact': 8, 'UNL:ASN:HBAcceptor': 8, 'UNL:ASN:Hydrophobic': 8, 'UNL:ASN:VdWContact': 8, 'UNL:ASP:HBDonor': 8, 'UNL:ASP:VdWContact': 16, 'UNL:CYS:VdWContact': 8, 'UNL:GLY:HBDonor': 4, 'UNL:GLY:VdWContact': 8, 'UNL:HIS:HBDonor': 4, 'UNL:HIS:VdWContact': 8, 'UNL:ILE:Hydrophobic': 24, 'UNL:ILE:VdWContact': 16, 'UNL:LEU:Hydrophobic': 16, 'UNL:LEU:VdWContact': 8, 'UNL:LYS:VdWContact': 8, 'UNL:MET:Hydrophobic': 8, 'UNL:MET:VdWContact': 8, 'UNL:PHE:HBAcceptor': 8, 'UNL:PHE:HBDonor': 8, 'UNL:PHE:Hydrophobic': 8, 'UNL:PHE:VdWContact': 16, 'UNL:SER:HBDonor': 4, 'UNL:SER:VdWContact': 8, 'UNL:TRP:Hydrophobic': 8, 'UNL:TRP:VdWContact': 8, 'UNL:TYR:HBAcceptor': 8, 'UNL:TYR:Hydrophobic': 8, 'UNL:TYR:VdWContact': 24, 'UNL:VAL:Hydrophobic': 8, 'UNL:VAL:VdWContact': 12}","{'UNL:ALA:VdWContact': 8, 'UNL:ASN:HBAcceptor': 8, 'UNL:ASN:VdWContact': 8, 'UNL:ASP:VdWContact': 16, 'UNL:GLY:VdWContact': 8, 'UNL:HIS:HBAcceptor': 4, 'UNL:HIS:VdWContact': 8, 'UNL:ILE:Hydrophobic': 8, 'UNL:LEU:Hydrophobic': 8, 'UNL:LEU:VdWContact': 8, 'UNL:LYS:VdWContact': 8, 'UNL:PHE:HBAcceptor': 8, 'UNL:PHE:Hydrophobic': 8, 'UNL:PHE:VdWContact': 8, 'UNL:SER:VdWContact': 8, 'UNL:TYR:Hydrophobic': 8, 'UNL:TYR:VdWContact': 20, 'UNL:VAL:Hydrophobic': 8, 'UNL:VAL:VdWContact': 4}"
105,AF3,H1172v3,37.0,32.8,"{'UNL:ARG:HBAcceptor': 72, 'UNL:ARG:HBDonor': 48, 'UNL:ARG:VdWContact': 112, 'UNL:ASP:VdWContact': 8, 'UNL:GLY:HBAcceptor': 96, 'UNL:GLY:HBDonor': 64, 'UNL:GLY:VdWContact': 96, 'UNL:ILE:HBAcceptor': 48, 'UNL:ILE:VdWContact': 96, 'UNL:LEU:HBDonor': 40, 'UNL:LEU:VdWContact': 40, 'UNL:LYS:HBAcceptor': 48, 'UNL:LYS:VdWContact': 48, 'UNL:PRO:VdWContact': 104, 'UNL:THR:HBAcceptor': 96, 'UNL:THR:VdWContact': 96, 'UNL:TYR:VdWContact': 96}","{'UNL:ARG:HBAcceptor': 56, 'UNL:ARG:VdWContact': 64, 'UNL:GLY:HBAcceptor': 64, 'UNL:GLY:VdWContact': 72, 'UNL:ILE:VdWContact': 32, 'UNL:LEU:VdWContact': 24, 'UNL:LYS:HBAcceptor': 40, 'UNL:LYS:VdWContact': 48, 'UNL:PRO:Hydrophobic': 16, 'UNL:PRO:VdWContact': 24, 'UNL:THR:HBAcceptor': 56, 'UNL:THR:VdWContact': 88}"
